t,angle,gyro,speed,dist,LQR_u,yawout,yaw,joyx,joyy,joyy_f,height,angle_zp,dist_zp,leg_add,bat,motor1_t,motor2_t,unctrl,jump
66323,8.05645,2.877184,0.183817,1.016262,0.317084,0.04438,0.054073,0,0,0,48,8.200213,1.04234,12.98294,8.1385,-0.180732,-0.136352,0,0
66344,8.153948,0.556573,0.406965,1.023932,0.499478,0.00265,0.037381,0,0,0,48,8.200788,1.04234,12.92879,8.1385,-0.251064,-0.248414,0,0
66365,8.217841,-3.687702,0.545884,1.033903,0.473791,-0.051783,0.011039,0,0,0,48,8.201289,1.04234,12.9088,8.1385,-0.211004,-0.262787,0,0
66387,8.088412,-4.222053,0.662027,1.048476,0.438576,-0.174822,-0.049709,0,0,0,48,8.201746,1.04234,12.89627,8.1385,-0.131877,-0.306699,0,0
66407,7.925178,-1.229686,0.551912,1.059981,0.404072,-0.253959,-0.116633,0,0,0,48,8.202069,1.04234,12.87258,8.1385,-0.075056,-0.329015,0,0
66429,7.851411,4.388634,0.222938,1.066884,0.464169,-0.274374,-0.177964,0,0,0,48,8.202321,1.04234,12.84607,8.1385,-0.094898,-0.369271,0,0
66449,8.009182,4.739779,0.222227,1.071486,0.701675,-0.272625,-0.215299,0,0,0,48,8.20246,1.04234,12.8533,8.1385,-0.214525,-0.48715,0,0
66467,8.201108,-0.328923,0.330945,1.076855,0.733531,-0.30004,-0.240882,0,0,0,48,8.202518,1.04234,12.87742,8.1385,-0.216746,-0.516786,0,0
66491,8.280725,-6.252587,0.505126,1.087592,0.650552,-0.380483,-0.28102,0,0,0,48,8.202501,1.04234,12.88858,8.1385,-0.135034,-0.515517,0,0
66512,8.155344,-8.588465,0.739813,1.102932,0.567789,-0.460853,-0.340626,0,0,0,48,8.202392,1.04234,12.86808,8.1385,-0.053468,-0.514321,0,0
66532,7.892239,-4.985412,0.651865,1.115204,0.429298,-0.477882,-0.394297,0,0,0,48,8.20219,1.04234,12.84321,8.1385,0.024292,-0.45359,0,0
66554,7.686914,2.800848,0.205491,1.122107,0.327637,-0.400709,-0.41239,0,0,0,48,8.201859,1.04234,12.84998,8.1385,0.036536,-0.364173,0,0
66575,7.711781,7.732146,-0.074507,1.122874,0.434457,-0.34131,-0.390244,0,0,0,48,8.201466,1.04234,12.88715,8.1385,-0.046573,-0.387884,0,0
66596,7.986107,4.922986,-0.020054,1.122107,0.594548,-0.337237,-0.364797,0,0,0,48,8.200947,1.04234,12.92222,8.1385,-0.128655,-0.465892,0,0
66617,8.123987,1.121459,0.073023,1.123641,0.60399,-0.367944,-0.361305,0,0,0,48,8.200412,1.04234,12.90718,8.1385,-0.118023,-0.485967,0,0
66637,8.174237,-1.031213,0.27062,1.128243,0.699583,-0.347141,-0.357602,0,0,0,48,8.199825,1.04234,12.85792,8.1385,-0.176221,-0.523362,0,0
66658,8.138611,-2.481595,0.325252,1.133612,0.636118,-0.288474,-0.341072,0,0,0,48,8.199187,1.04234,12.81411,8.1385,-0.173822,-0.462296,0,0
66680,8.065411,-0.252587,0.229753,1.138214,0.644129,-0.253073,-0.312388,0,0,0,48,8.198429,1.04234,12.80961,8.1385,-0.195528,-0.448601,0,0
66701,8.038941,0.968787,0.151676,1.141282,0.652618,-0.240054,-0.287766,0,0,0,48,8.197685,1.04234,12.81271,8.1385,-0.206282,-0.446336,0,0
66721,7.994398,3.258863,0.045255,1.142049,0.685613,-0.242854,-0.272246,0,0,0,48,8.196898,1.04234,12.78489,8.1385,-0.221379,-0.464234,0,0
66742,8.095577,1.991688,-0.025477,1.142049,0.689121,-0.26022,-0.265794,0,0,0,48,8.196073,1.04234,12.74463,8.15041,-0.214451,-0.47467,0,0
66762,8.16704,0.006955,0.123701,1.14435,0.776299,-0.251262,-0.262943,0,0,0,48,8.195213,1.04234,12.71932,8.15041,-0.262519,-0.51378,0,0
66784,8.154182,-0.634267,0.146913,1.147418,0.774214,-0.247952,-0.259023,0,0,0,48,8.194235,1.04234,12.72048,8.15041,-0.263131,-0.511083,0,0
66804,8.084833,-0.374725,0.180438,1.151253,0.764454,-0.245561,-0.252968,0,0,0,48,8.193315,1.04234,12.71479,8.15041,-0.259446,-0.505007,0,0
66826,8.038965,1.457337,0.044467,1.152787,0.741585,-0.219106,-0.243001,0,0,0,48,8.192267,1.04234,12.68928,8.15041,-0.26124,-0.480345,0,0
66847,8.105148,0.907718,0.013398,1.154321,0.783872,-0.218516,-0.233251,0,0,0,48,8.191284,1.04234,12.67252,8.15041,-0.282678,-0.501194,0,0
66867,8.115188,0.617642,0.177502,1.156622,0.918495,-0.211179,-0.228967,0,0,0,48,8.190275,1.04234,12.67484,8.15041,-0.353658,-0.564837,0,0
66887,8.156933,-0.603732,0.164685,1.158923,0.908376,-0.218498,-0.226515,0,0,0,48,8.189243,1.04234,12.67648,8.15041,-0.344939,-0.563437,0,0
66910,8.112318,-0.756404,0.134103,1.162757,0.860056,-0.222131,-0.224042,0,0,0,48,8.188078,1.04234,12.65913,8.15041,-0.318962,-0.541094,0,0
66933,8.046367,-0.512129,0.282791,1.167359,0.926223,-0.209384,-0.220455,0,0,0,48,8.186879,1.04234,12.62739,8.15041,-0.358419,-0.567803,0,0
66954,8.04907,0.403901,0.099423,1.16966,0.870777,-0.208166,-0.215573,0,0,0,48,8.185758,1.04234,12.61051,8.15041,-0.331305,-0.539472,0,0
66974,8.080888,-0.741137,0.200562,1.173495,0.923437,-0.192128,-0.207474,0,0,0,48,8.184608,1.04234,12.61303,8.15041,-0.365655,-0.557783,0,0
66996,8.029478,-1.000679,0.206676,1.17733,0.865597,-0.170436,-0.198606,0,0,0,48,8.18331,1.04234,12.61056,8.15041,-0.347581,-0.518017,0,0
67014,8.012215,-1.061747,0.219446,1.181165,0.856449,-0.169759,-0.189991,0,0,0,48,8.18222,1.04234,12.59805,8.15041,-0.343345,-0.513104,0,0
67037,7.973245,-1.077015,0.159448,1.185767,0.764402,-0.137959,-0.175289,0,0,0,48,8.180849,1.04234,12.58347,8.15041,-0.313222,-0.451181,0,0
67057,7.939286,-0.13045,0.158787,1.189602,0.77551,-0.113156,-0.155982,0,0,0,48,8.179566,1.04234,12.58373,8.15041,-0.331177,-0.444333,0,0
67077,7.924874,-0.359457,0.296727,1.194204,0.831813,-0.095529,-0.134691,0,0,0,48,8.178249,1.04234,12.58805,8.15041,-0.368142,-0.463671,0,0
67100,7.907088,0.663443,0.295179,1.198039,0.861826,-0.076126,-0.113457,0,0,0,48,8.176759,1.04234,12.58791,8.15041,-0.39285,-0.468976,0,0
67120,7.929042,0.129092,0.09833,1.20034,0.706646,-0.082528,-0.099095,0,0,0,48,8.175365,1.04234,12.57959,8.15041,-0.312059,-0.394587,0,0
67142,7.917346,0.84665,0.138944,1.204175,0.760539,-0.069447,-0.087235,0,0,0,48,8.173792,1.04234,12.57292,8.15041,-0.345546,-0.414993,0,0
67162,7.913254,0.84665,0.115024,1.207243,0.738403,-0.071728,-0.081578,0,0,0,48,8.172325,1.04234,12.58093,8.15041,-0.333337,-0.405065,0,0
67184,7.942531,0.755046,0.136808,1.211078,0.782827,-0.085883,-0.079855,0,0,0,48,8.170672,1.04234,12.59111,8.15041,-0.348472,-0.434355,0,0
67204,7.957706,0.403901,0.212077,1.214913,0.835821,-0.096592,-0.083236,0,0,0,48,8.169134,1.04234,12.58652,8.15041,-0.369614,-0.466206,0,0
67225,7.976799,-0.909076,0.193794,1.220282,0.778603,-0.110704,-0.09063,0,0,0,48,8.167559,1.04234,12.57317,8.15041,-0.333949,-0.444654,0,0
67247,7.962214,-3.031213,0.284093,1.227185,0.69949,-0.136829,-0.10332,0,0,0,48,8.165781,1.04234,12.5648,8.15041,-0.281331,-0.418159,0,0
67267,7.919242,-3.977778,0.366331,1.234855,0.645706,-0.174285,-0.123066,0,0,0,48,8.164121,1.04234,12.56865,8.15041,-0.235711,-0.409996,0,0
67289,7.866451,-4.817472,0.436019,1.244059,0.553966,-0.214364,-0.150931,0,0,0,48,8.162235,1.04234,12.57408,8.15041,-0.169801,-0.384165,0,0
67309,7.778866,-6.115182,0.440727,1.253262,0.330096,-0.238171,-0.179624,0,0,0,48,8.160463,1.04234,12.57477,8.15041,-0.045963,-0.284134,0,0
67331,7.609065,-4.618999,0.410873,1.264,0.123978,-0.268265,-0.21155,0,0,0,48,8.158621,1.04234,12.57913,8.15041,0.072144,-0.196121,0,0
67351,7.435838,0.877184,0.331701,1.27167,0.123696,-0.239798,-0.228273,0,0,0,48,8.156709,1.04234,12.5968,8.15041,0.058051,-0.181747,0,0
67373,7.402495,6.984055,0.053454,1.273971,0.176948,-0.234014,-0.234092,0,0,0,48,8.154528,1.04234,12.62863,8.15041,0.028533,-0.205481,0,0
67393,7.550941,7.564207,0.013249,1.273971,0.300502,-0.224325,-0.2299,0,0,0,48,8.152482,1.04234,12.64803,8.15041,-0.038089,-0.262414,0,0
67413,7.753062,5.182528,0.025961,1.273971,0.368223,-0.210454,-0.223357,0,0,0,48,8.150389,1.04234,12.65068,8.15041,-0.078885,-0.289339,0,0
67433,7.916093,1.442069,0.201022,1.277039,0.457174,-0.236399,-0.223042,0,0,0,48,8.148254,1.04234,12.64163,8.15041,-0.110388,-0.346787,0,0
67453,7.995585,-3.519763,0.439661,1.284709,0.441327,-0.248238,-0.228775,0,0,0,48,8.14608,1.04234,12.63944,8.15041,-0.096545,-0.344783,0,0
67475,7.835606,-2.695335,0.503157,1.296214,0.39336,-0.29479,-0.249067,0,0,0,48,8.143633,1.04234,12.64879,8.15041,-0.049285,-0.344075,0,0
67496,7.676973,0.602375,0.563875,1.306952,0.485128,-0.381162,-0.290248,0,0,0,48,8.141346,1.04234,12.66197,8.15041,-0.051983,-0.433145,0,0
67516,7.608377,3.900084,0.300396,1.313088,0.450581,-0.425794,-0.335491,0,0,0,48,8.138993,1.04234,12.66776,8.15041,-0.012393,-0.438188,0,0
67539,7.706836,3.915352,0.397299,1.320758,0.674034,-0.402558,-0.368438,0,0,0,48,8.136329,1.04234,12.66497,8.15041,-0.135738,-0.538296,0,0
67560,7.82573,1.54894,0.425042,1.328427,0.739702,-0.355524,-0.372702,0,0,0,48,8.133834,1.04234,12.65908,8.15041,-0.192089,-0.547613,0,0
67580,7.917407,-2.970144,0.670243,1.340699,0.807619,-0.214385,-0.337212,0,0,0,48,8.13127,1.04234,12.6473,8.15041,-0.296617,-0.511002,0,0
67602,7.886506,-8.267855,0.841056,1.359107,0.634185,0.045048,-0.225565,0,0,0,48,8.128359,1.04234,12.60703,8.15041,-0.339616,-0.294568,0,0
67624,7.749992,-9.764037,1.077937,1.380583,0.57781,0.291303,-0.052593,0,0,0,48,8.125605,1.04234,12.55678,8.15041,-0.434556,-0.143254,0,0
67644,7.558076,-8.222053,1.024291,1.401292,0.404202,0.331161,0.102685,0,0,0,48,8.122728,1.04234,12.52069,8.15041,-0.367682,-0.036521,0,0
67664,7.419793,-3.077015,0.655526,1.416631,0.270204,0.20265,0.167762,0,0,0,48,8.11972,1.04234,12.50862,8.15041,-0.236427,-0.033777,0,0
67686,7.367405,4.190161,0.426172,1.428136,0.468738,-0.052025,0.121943,0,0,0,48,8.116257,1.04234,12.50323,8.15041,-0.208357,-0.260381,0,0
67706,7.565563,4.3581,0.322272,1.434272,0.625811,-0.161176,0.028669,0,0,0,48,8.112973,1.04234,12.48801,8.15041,-0.232317,-0.393493,0,0
67724,7.802507,0.159627,0.385862,1.439641,0.69312,-0.23766,-0.055754,0,0,0,48,8.10992,1.04234,12.48032,8.15041,-0.22773,-0.46539,0,0
67747,7.965798,-6.542664,0.463362,1.449612,0.548182,-0.296348,-0.142533,0,0,0,48,8.106066,1.04234,12.49927,8.15041,-0.125917,-0.422265,0,0
67767,7.910919,-12.43579,0.66931,1.463418,0.267202,-0.375759,-0.217059,0,0,0,48,8.102451,1.04234,12.53131,8.15041,0.054278,-0.32148,0,0
67789,7.568909,-12.13045,0.77505,1.481058,-0.088054,-0.460723,-0.306298,0,0,0,48,8.098347,1.04234,12.54993,8.15041,0.274389,-0.186334,0,0
67809,7.079041,-1.886175,0.452248,1.491796,-0.356602,-0.375035,-0.350686,0,0,0,48,8.09449,1.04234,12.54921,8.15041,0.365818,-0.009216,0,0
67831,6.914205,11.22833,-0.261989,1.490262,-0.401938,-0.230227,-0.32252,0,0,0,48,8.090117,1.04234,12.57703,8.15041,0.316083,0.085855,0,0
67850,7.252726,10.84665,-0.346433,1.483359,-0.235284,-0.221396,-0.284986,0,0,0,48,8.086455,1.04234,12.64739,8.15041,0.22834,0.006944,0,0
67870,7.639695,3.304665,-0.179648,1.477991,-0.244342,-0.260868,-0.269496,0,0,0,48,8.082331,1.04234,12.71721,8.15041,0.252605,-0.008263,0,0
67892,7.726825,-1.504496,-0.000471,1.477991,-0.37304,-0.292519,-0.273056,0,0,0,48,8.077744,1.04234,12.71386,8.15041,0.33278,0.040261,0,0
67912,7.607927,1.136726,-0.003779,1.478758,-0.39302,-0.322128,-0.286787,0,0,0,48,8.073541,1.04234,12.65645,8.15041,0.357574,0.035446,0,0
67934,7.6348,1.594741,-0.173539,1.476457,-0.512063,-0.278878,-0.291781,0,0,0,48,8.068882,1.04234,12.63182,8.15041,0.395471,0.116592,0,0
67955,7.646791,2.342833,-0.175154,1.474156,-0.508891,-0.278761,-0.289221,0,0,0,48,8.064627,1.04234,12.67611,8.15041,0.393826,0.115065,0,0
67977,7.696777,2.068024,-0.14106,1.471088,-0.486691,-0.256031,-0.281147,0,0,0,48,8.059933,1.04234,12.71539,8.15041,0.371361,0.11533,0,0
67997,7.710498,2.709245,-0.268234,1.466486,-0.558897,-0.264206,-0.275277,0,0,0,48,8.05566,1.04234,12.69035,8.15041,0.411551,0.147346,0,0
68019,7.774717,3.533672,-0.178937,1.461884,-0.403138,-0.229782,-0.261005,0,0,0,48,8.05097,1.04234,12.62747,8.15041,0.31646,0.086678,0,0
68038,7.886216,1.793214,-0.363084,1.456515,-0.523958,-0.16422,-0.234527,0,0,0,48,8.047145,1.04234,12.60499,8.15041,0.344089,0.179869,0,0
68058,7.920442,1.564207,-0.21206,1.45268,-0.392498,-0.095888,-0.191844,0,0,0,48,8.042913,1.04234,12.61447,8.15041,0.244193,0.148305,0,0
68078,7.949983,0.46497,-0.166097,1.448845,-0.389716,-0.039879,-0.143774,0,0,0,48,8.038706,1.04234,12.61608,8.15041,0.214797,0.174919,0,0
68100,7.945262,0.602375,-0.131941,1.44501,-0.351819,0.002302,-0.093655,0,0,0,48,8.034108,1.04234,12.57136,8.15041,0.174759,0.17706,0,0
68121,7.958357,0.999321,-0.220182,1.439641,-0.367226,0.055183,-0.043216,0,0,0,48,8.029962,1.04234,12.51177,8.15041,0.156021,0.211205,0,0
68138,7.992884,1.014588,-0.181727,1.435806,-0.291928,0.097553,-0.002067,0,0,0,48,8.026668,1.04234,12.4881,8.15041,0.097187,0.194741,0,0
68161,8.034675,0.022222,-0.271908,1.42967,-0.353006,0.141232,0.053214,0,0,0,48,8.022178,1.04234,12.48904,8.15041,0.105887,0.247119,0,0
68183,8.01364,-1.580831,-0.214977,1.425835,-0.423761,0.172114,0.098142,0,0,0,48,8.017733,1.04234,12.46914,8.15041,0.125824,0.297938,0,0
68203,7.957383,-0.710602,-0.154196,1.422767,-0.392769,0.210535,0.13351,0,0,0,48,8.013731,1.04234,12.42427,8.15041,0.091117,0.301652,0,0
68225,7.929421,-0.145717,-0.263763,1.417398,-0.479443,0.249632,0.174438,0,0,0,48,8.009371,1.04234,12.38631,8.15041,0.114906,0.364537,0,0
68243,7.923007,1.090924,-0.31288,1.41203,-0.457521,0.311041,0.215695,0,0,0,48,8.005838,1.04234,12.38671,8.15041,0.07324,0.384281,0,0
68266,7.908613,1.65581,-0.386442,1.40436,-0.500997,0.399194,0.279421,0,0,0,48,8.001572,1.04234,12.3942,8.15041,0.050902,0.450096,0,0
68286,7.877375,3.930619,-0.334774,1.397457,-0.367138,0.429889,0.330879,0,0,0,48,7.997741,1.04234,12.37742,8.15041,-0.031375,0.398514,0,0
68308,7.944452,2.556573,-0.442426,1.388253,-0.453257,0.451795,0.377213,0,0,0,48,7.993589,1.04234,12.33522,8.15041,0.000731,0.452526,0,0
68328,7.996245,1.319932,-0.274753,1.382117,-0.347221,0.405209,0.397802,0,0,0,48,7.989874,1.04234,12.31055,8.15041,-0.028994,0.376215,0,0
68347,8.016222,-0.542663,-0.162755,1.377515,-0.347589,0.371338,0.393244,0,0,0,48,7.986582,1.04234,12.30093,8.15041,-0.011875,0.359463,0,0
68368,7.926511,-0.588465,-0.040513,1.375214,-0.347954,0.310937,0.368263,0,0,0,48,7.982981,1.04234,12.29358,8.15041,0.018509,0.329445,0,0
68390,7.80926,0.907718,-0.038669,1.372913,-0.382858,0.285697,0.338748,0,0,0,48,7.979078,1.04234,12.27564,8.15041,0.048581,0.334278,0,0
68410,7.740757,3.151993,-0.228221,1.369078,-0.4588,0.267599,0.316986,0,0,0,48,7.975576,1.04234,12.26303,8.15041,0.095601,0.363199,0,0
68432,7.780745,2.892451,-0.109125,1.366777,-0.331931,0.262451,0.297181,0,0,0,48,7.971773,1.04234,12.27043,8.15041,0.03474,0.297191,0,0
68452,7.805342,1.900085,-0.029314,1.365243,-0.289867,0.245818,0.279938,0,0,0,48,7.968356,1.04234,12.28335,8.15041,0.022025,0.267843,0,0
68475,7.823363,1.381001,0.006673,1.36601,-0.22818,0.251848,0.266426,0,0,0,48,7.964637,1.04234,12.27953,8.15041,-0.011834,0.240014,0,0
68493,7.829246,2.46497,0.025642,1.367544,-0.091489,0.260843,0.265039,0,0,0,48,7.961951,1.04234,12.26838,8.15041,-0.084677,0.176166,0,0
68515,7.923047,2.434436,0.096396,1.369845,0.152189,0.264613,0.264534,0,0,0,48,7.958278,1.04234,12.26314,8.15041,-0.208401,0.056212,0,0
68534,8.017254,0.190161,0.12328,1.372913,0.23617,0.267505,0.264373,0,0,0,48,7.955283,1.04234,12.26814,8.15041,-0.251837,0.015667,0,0
68556,8.102099,-3.809839,0.34723,1.380583,0.369345,0.300007,0.274279,0,0,0,48,7.951623,1.04234,12.26167,8.15041,-0.334676,-0.034669,0,0
68576,8.125154,-6.985412,0.587665,1.391321,0.482072,0.329114,0.292394,0,0,0,48,7.948284,1.04234,12.23445,8.15041,-0.405593,-0.076479,0,0
68596,8.067604,-9.809839,0.661746,1.403593,0.384942,0.316756,0.305075,0,0,0,48,7.944914,1.04234,12.21263,8.15041,-0.350849,-0.034093,0,0
68618,7.90733,-7.916709,0.658487,1.418165,0.396327,0.178968,0.278431,0,0,0,48,7.941153,1.04234,12.21293,8.15041,-0.287647,-0.10868,0,0
68640,7.707532,-3.061748,0.402806,1.428136,0.334987,0.009789,0.192917,0,0,0,48,7.937318,1.04234,12.22534,8.15041,-0.172388,-0.162599,0,0
68658,7.671418,-1.015946,0.189132,1.432738,0.285676,-0.068801,0.109441,0,0,0,48,7.93412,1.04234,12.23231,8.15041,-0.108437,-0.177238,0,0
68681,7.718995,0.648176,0.159707,1.435806,0.436685,-0.070772,0.029303,0,0,0,48,7.930139,1.04234,12.2508,8.15041,-0.182957,-0.253728,0,0
68701,7.840186,-1.855641,0.059638,1.43734,0.368872,-0.034855,-0.001957,0,0,0,48,7.92646,1.04234,12.28994,8.15041,-0.167008,-0.201864,0,0
68723,7.860357,-3.077015,0.084299,1.439641,0.350071,-0.051636,-0.021181,0,0,0,48,7.922357,1.04234,12.34416,8.15041,-0.149217,-0.200854,0,0
68743,7.809038,-3.580832,0.07583,1.441942,0.264441,-0.052879,-0.035859,0,0,0,48,7.91858,1.04234,12.37226,8.15041,-0.105781,-0.15866,0,0
68763,7.723251,-2.054114,0.065619,1.443476,0.245374,-0.083344,-0.051667,0,0,0,48,7.914762,1.04234,12.37552,8.15041,-0.081015,-0.164359,0,0
68786,7.724258,-1.260221,-0.085809,1.441175,0.148258,-0.022367,-0.05237,0,0,0,48,7.910524,1.04234,12.39219,8.15041,-0.062945,-0.085312,0,0
68808,7.722515,-2.573198,-0.186056,1.438107,-0.065483,0.022959,-0.03086,0,0,0,48,7.906257,1.04234,12.4347,8.15041,0.021262,0.044221,0,0
68828,7.634846,-1.458694,-0.119764,1.435806,-0.115886,0.061806,-0.003616,0,0,0,48,7.902363,1.04234,12.46628,8.15041,0.02704,0.088846,0,0
68850,7.557061,0.648176,-0.259932,1.42967,-0.269241,0.114399,0.030656,0,0,0,48,7.898073,1.04234,12.4725,8.15041,0.077421,0.19182,0,0
68868,7.582356,0.877184,-0.386228,1.422767,-0.404063,0.178343,0.071394,0,0,0,48,7.894569,1.04234,12.46198,8.15041,0.11286,0.291203,0,0
68890,7.618069,1.335199,-0.409234,1.413563,-0.459522,0.307028,0.146338,0,0,0,48,7.890307,1.04234,12.46414,8.15041,0.076247,0.383275,0,0
68911,7.572055,3.136726,-0.568459,1.402826,-0.606076,0.410504,0.237601,0,0,0,48,7.886467,1.04234,12.48013,8.15041,0.097786,0.50829,0,0
68931,7.551452,7.075657,-0.728171,1.389787,-0.586462,0.471184,0.322098,0,0,0,48,7.882671,1.04234,12.48086,8.15041,0.057639,0.528823,0,0
68953,7.623163,8.25123,-0.7345,1.374447,-0.500545,0.405425,0.37237,0,0,0,48,7.878566,1.04234,12.45235,8.15041,0.04756,0.452985,0,0
68974,7.727281,7.335199,-0.691308,1.360641,-0.446435,0.231695,0.347036,0,0,0,48,7.874914,1.04234,12.42287,8.15041,0.10737,0.339065,0,0
68994,7.795475,4.984054,-0.600371,1.348369,-0.46518,0.034683,0.254451,0,0,0,48,7.871351,1.04234,12.40478,8.15041,0.215249,0.249931,0,0
69016,7.803844,3.090924,-0.329584,1.340699,-0.369828,-0.077641,0.136632,0,0,0,48,7.867538,1.04234,12.39549,8.15041,0.223734,0.146094,0,0
69036,7.743714,3.579474,-0.185637,1.336097,-0.281848,-0.127921,0.041771,0,0,0,48,7.864163,1.04234,12.39157,8.15041,0.204884,0.076963,0,0
69058,7.738868,3.197794,-0.26496,1.330728,-0.331189,-0.148885,-0.035987,0,0,0,48,7.860543,1.04234,12.40129,8.15041,0.240037,0.091152,0,0
69079,7.755334,3.365734,-0.043156,1.329194,-0.099796,-0.156463,-0.08387,0,0,0,48,7.857331,1.04234,12.41354,8.15041,0.128129,-0.028334,0,0
69099,7.784522,1.457337,0.102305,1.329961,-0.01741,-0.11789,-0.103312,0,0,0,48,7.854181,1.04234,12.41293,8.15041,0.06765,-0.05024,0,0
69119,7.73796,2.831382,0.082995,1.332262,0.08314,-0.100599,-0.105563,0,0,0,48,7.85108,1.04234,12.39834,8.15041,0.008729,-0.09187,0,0
69141,7.738427,3.564207,0.150825,1.336864,0.292281,-0.079335,-0.098956,0,0,0,48,7.847708,1.04234,12.38366,8.15041,-0.106473,-0.185808,0,0
69161,7.806382,1.228329,0.325692,1.343,0.463756,-0.02241,-0.078672,0,0,0,48,7.844662,1.04234,12.36633,8.15041,-0.220673,-0.243083,0,0
69184,7.916094,-2.618999,0.527463,1.353738,0.645311,0.067375,-0.034688,0,0,0,48,7.841319,1.04234,12.3318,8.15041,-0.356343,-0.288968,0,0
69204,7.970653,-7.519763,0.73392,1.367544,0.685963,0.178711,0.028404,0,0,0,48,7.838262,1.04234,12.29132,8.15041,-0.432337,-0.253626,0,0
69225,7.975476,-13.36709,0.961819,1.387486,0.607836,0.310065,0.121284,0,0,0,48,7.835163,1.04234,12.25253,8.15041,-0.45895,-0.148885,0,0
69247,7.834261,-17.48923,1.18517,1.413563,0.426622,0.255667,0.193909,0,0,0,48,7.831673,1.04234,12.22435,8.15041,-0.341144,-0.085478,0,0
69265,7.525082,-13.09228,1.1239,1.434272,0.334255,0.052893,0.176173,0,0,0,48,7.828728,1.04234,12.21628,8.15041,-0.193574,-0.140681,0,0
69284,7.25765,-5.290755,0.869294,1.450379,0.32794,-0.152688,0.081738,0,0,0,48,7.825681,1.04234,12.21634,8.15041,-0.087626,-0.240314,0,0
69306,7.179966,-0.405259,0.477308,1.461117,0.225526,-0.317805,-0.05651,0,0,0,48,7.821816,1.04234,12.23035,8.15041,0.04614,-0.271666,0,0
69327,7.300226,-0.924343,0.420509,1.468787,0.240542,-0.40007,-0.177248,0,0,0,48,7.818172,1.04234,12.27609,8.15041,0.079764,-0.320306,0,0
69348,7.385298,-3.138083,0.261088,1.474923,0.04576,-0.414746,-0.271924,0,0,0,48,7.81441,1.04234,12.34547,8.15041,0.184493,-0.230253,0,0
69369,7.358494,-3.000679,0.351582,1.482592,0.047377,-0.403409,-0.327152,0,0,0,48,7.810543,1.04234,12.39518,8.15041,0.178016,-0.225393,0,0
69389,7.229851,0.052756,0.244524,1.487961,-0.036248,-0.333124,-0.33992,0,0,0,48,7.806576,1.04234,12.42557,8.15041,0.184686,-0.148438,0,0
69409,7.223437,3.961154,0.009087,1.487961,-0.02461,-0.256443,-0.317591,0,0,0,48,7.802521,1.04234,12.45003,8.15041,0.140527,-0.115917,0,0
69431,7.409864,1.564207,-0.116965,1.486427,-0.096292,-0.24782,-0.288815,0,0,0,48,7.797979,1.04234,12.49571,8.15041,0.172056,-0.075764,0,0
69451,7.452964,0.419169,-0.006427,1.486427,-0.076922,-0.296391,-0.283035,0,0,0,48,7.79379,1.04234,12.52433,8.15041,0.186657,-0.109735,0,0
69471,7.464919,-0.359457,0.061211,1.487194,-0.088263,-0.296169,-0.286476,0,0,0,48,7.789556,1.04234,12.52041,8.15041,0.192216,-0.103953,0,0
69489,7.427335,0.800848,-0.130895,1.48566,-0.227591,-0.286729,-0.291693,0,0,0,48,7.785713,1.04234,12.49931,8.15041,0.25716,-0.029569,0,0
69512,7.505054,0.25123,-0.052809,1.484126,-0.165583,-0.283019,-0.292258,0,0,0,48,7.781412,1.04234,12.50013,8.15041,0.224301,-0.058718,0,0
69534,7.543091,-2.267854,-0.007349,1.483359,-0.285937,-0.282456,-0.289863,0,0,0,48,7.776656,1.04234,12.5336,8.15041,0.284197,0.00174,0,0
69554,7.430713,-0.588465,-0.155117,1.481058,-0.461914,-0.282661,-0.289457,0,0,0,48,7.772317,1.04234,12.55182,8.15041,0.372288,0.089627,0,0
69574,7.358299,2.281764,-0.174683,1.477224,-0.445629,-0.293126,-0.28954,0,0,0,48,7.76797,1.04234,12.5433,8.15041,0.369377,0.076252,0,0
69594,7.451345,2.602375,-0.346188,1.470321,-0.505986,-0.284109,-0.289684,0,0,0,48,7.763625,1.04234,12.53274,8.15041,0.395047,0.110938,0,0
69614,7.551352,1.487871,-0.349463,1.463418,-0.52586,-0.227612,-0.274713,0,0,0,48,7.759294,1.04234,12.53924,8.15041,0.376736,0.149124,0,0
69635,7.591776,1.228329,-0.448737,1.455748,-0.616491,-0.140548,-0.235893,0,0,0,48,7.754986,1.04234,12.55226,8.15041,0.37852,0.237972,0,0
69655,7.576147,2.434436,-0.471769,1.448078,-0.609636,-0.046126,-0.178724,0,0,0,48,7.75071,1.04234,12.54535,8.15041,0.327881,0.281755,0,0
69677,7.565442,7.136726,-0.634287,1.435806,-0.476395,0.095993,-0.089734,0,0,0,48,7.746054,1.04234,12.5112,8.15041,0.190201,0.286194,0,0
69697,7.761792,6.235962,-0.648766,1.422767,-0.32312,0.217986,0.007221,0,0,0,48,7.74188,1.04234,12.48368,8.15041,0.052567,0.270553,0,0
69717,7.946253,2.938252,-0.562847,1.410496,-0.239416,0.30288,0.108603,0,0,0,48,7.737776,1.04234,12.46782,8.15041,-0.031732,0.271148,0,0
69739,8.025476,-1.336557,-0.303168,1.401292,-0.193089,0.372451,0.209319,0,0,0,48,7.733351,1.04234,12.43924,8.15041,-0.089681,0.28277,0,0
69762,7.921966,-3.412892,-0.305906,1.393622,-0.413626,0.384511,0.283669,0,0,0,48,7.729026,1.04234,12.37637,8.15041,0.014557,0.399069,0,0
69781,7.728208,-0.817473,-0.298786,1.388253,-0.467498,0.371813,0.315551,0,0,0,48,7.725556,1.04234,12.31735,8.15041,0.047842,0.419656,0,0
69802,7.600249,1.961153,-0.421441,1.379816,-0.549904,0.360529,0.336633,0,0,0,48,7.721395,1.04234,12.28251,8.15041,0.094688,0.455216,0,0
69822,7.525677,5.014588,-0.608595,1.369078,-0.612034,0.298185,0.335358,0,0,0,48,7.717691,1.04234,12.28872,8.15041,0.156925,0.45511,0,0
69844,7.527128,5.884818,-0.490138,1.35834,-0.495263,0.195052,0.295737,0,0,0,48,7.713709,1.04234,12.30427,8.15041,0.150105,0.345157,0,0
69864,7.539187,6.663444,-0.520421,1.347602,-0.459883,0.031886,0.219288,0,0,0,48,7.710178,1.04234,12.29667,8.15041,0.213999,0.245884,0,0
69884,7.608458,6.403902,-0.4254,1.339165,-0.31084,-0.072381,0.124182,0,0,0,48,7.706734,1.04234,12.27881,8.15041,0.19161,0.119229,0,0
69905,7.693929,4.006955,-0.199846,1.333796,-0.159054,-0.139821,0.027429,0,0,0,48,7.703379,1.04234,12.27695,8.15041,0.149437,0.009616,0,0
69926,7.760051,0.755046,-0.00436,1.332262,-0.075993,-0.161138,-0.047629,0,0,0,48,7.700108,1.04234,12.29333,8.15041,0.118566,-0.042573,0,0
69945,7.72558,0.098558,0.106601,1.333796,0.001493,-0.104505,-0.077103,0,0,0,48,7.697224,1.04234,12.31138,8.15041,0.051506,-0.052999,0,0
69967,7.639242,0.495504,0.140507,1.337631,0.060412,-0.064096,-0.076388,0,0,0,48,7.693755,1.04234,12.32124,8.15041,0.001842,-0.062254,0,0
69987,7.634294,2.205428,0.163784,1.341466,0.273993,-0.008759,-0.058914,0,0,0,48,7.690638,1.04234,12.32769,8.15041,-0.132617,-0.141376,0,0
70009,7.733318,-0.435793,0.352136,1.348369,0.485688,0.031681,-0.028855,0,0,0,48,7.687233,1.04234,12.33646,8.15041,-0.258685,-0.227003,0,0
70029,7.80329,-3.565564,0.56371,1.35834,0.650207,0.093645,0.00807,0,0,0,48,7.684142,1.04234,12.33323,8.15041,-0.371926,-0.278281,0,0
70051,7.815198,-8.481595,0.83141,1.374447,0.686014,0.263826,0.082373,0,0,0,48,7.680724,1.04234,12.30892,8.15041,-0.47492,-0.211094,0,0
70071,7.79134,-14.5732,0.975128,1.392855,0.465678,0.340568,0.170718,0,0,0,48,7.677573,1.04234,12.27764,8.15041,-0.403123,-0.062555,0,0
70093,7.538716,-12.37472,1.044566,1.415864,0.421756,0.238596,0.227525,0,0,0,48,7.674027,1.04234,12.26344,8.15041,-0.330176,-0.09158,0,0
70113,7.291811,-6.603732,0.790322,1.431971,0.338774,0.00178,0.179411,0,0,0,48,7.670707,1.04234,12.26913,8.15041,-0.170277,-0.168497,0,0
70135,7.203156,0.205428,0.361758,1.441942,0.356847,-0.180407,0.057683,0,0,0,48,7.667272,1.04234,12.27167,8.15041,-0.08822,-0.268627,0,0
70157,7.345665,0.419169,0.20796,1.447311,0.420322,-0.237586,-0.056901,0,0,0,48,7.663374,1.04234,12.27726,8.15041,-0.091368,-0.328954,0,0
70177,7.495815,-2.710602,0.237146,1.451913,0.425538,-0.268661,-0.133167,0,0,0,48,7.659736,1.04234,12.31257,8.15041,-0.078438,-0.3471,0,0
70199,7.583977,-7.85564,0.321735,1.458816,0.267622,-0.324343,-0.199841,0,0,0,48,7.655636,1.04234,12.37099,8.15041,0.02836,-0.295983,0,0
70220,7.451912,-8.435793,0.348554,1.466486,0.078599,-0.386166,-0.264107,0,0,0,48,7.651825,1.04234,12.39477,8.15041,0.153783,-0.232382,0,0
70240,7.213289,-6.145717,0.188822,1.472622,-0.228879,-0.443391,-0.32866,0,0,0,48,7.647933,1.04234,12.38835,8.15041,0.336135,-0.107256,0,0
70260,7.023808,2.083291,-0.223074,1.471855,-0.321244,-0.390894,-0.363492,0,0,0,48,7.643965,1.04234,12.38917,8.15041,0.356069,-0.034825,0,0
70282,7.144502,2.663444,-0.283171,1.466486,-0.316664,-0.32743,-0.360486,0,0,0,48,7.639534,1.04234,12.44298,8.15041,0.322047,-0.005383,0,0
70300,7.256533,1.854283,-0.533883,1.458816,-0.514194,-0.272494,-0.336695,0,0,0,48,7.635875,1.04234,12.4942,8.15041,0.393344,0.12085,0,0
70322,7.26728,2.419168,-0.422439,1.451146,-0.500978,-0.137642,-0.276958,0,0,0,48,7.631791,1.04234,12.52396,8.15041,0.31931,0.181668,0,0
70344,7.277356,4.739779,-0.516585,1.440408,-0.515975,0.029851,-0.182136,0,0,0,48,7.627301,1.04234,12.49354,8.15041,0.243062,0.272913,0,0
70364,7.377267,6.220695,-0.622136,1.427369,-0.463506,0.207478,-0.060081,0,0,0,48,7.623241,1.04234,12.4766,8.15041,0.128014,0.335492,0,0
70386,7.559969,4.495504,-0.703282,1.411263,-0.481827,0.370972,0.091809,0,0,0,48,7.618825,1.04234,12.50282,8.15041,0.055427,0.426399,0,0
70406,7.615131,4.449703,-0.699938,1.397457,-0.448177,0.427347,0.217803,0,0,0,48,7.614873,1.04234,12.52004,8.15041,0.010415,0.437762,0,0
70424,7.621355,4.541306,-0.655514,1.385185,-0.418046,0.428725,0.296128,0,0,0,48,7.61138,1.04234,12.49138,8.15041,-0.00534,0.423386,0,0
70446,7.599148,3.945886,-0.649948,1.371379,-0.494193,0.344157,0.331254,0,0,0,48,7.607204,1.04234,12.41353,8.15041,0.075018,0.419175,0,0
70468,7.582875,2.999321,-0.530786,1.359107,-0.510425,0.185484,0.298382,0,0,0,48,7.603139,1.04234,12.36667,8.15041,0.162471,0.347954,0,0
70488,7.504947,3.045123,-0.526984,1.349136,-0.6094,0.051568,0.222482,0,0,0,48,7.599544,1.04234,12.3707,8.15041,0.278916,0.330484,0,0
70509,7.406844,6.022222,-0.547837,1.339165,-0.570258,-0.049551,0.128691,0,0,0,48,7.596049,1.04234,12.39045,8.15041,0.309904,0.260353,0,0
70529,7.368599,9.54894,-0.495918,1.329194,-0.356542,-0.168717,0.033952,0,0,0,48,7.592652,1.04234,12.39769,8.15041,0.26263,0.093912,0,0
70551,7.503984,10.81612,-0.595199,1.316156,-0.152076,-0.299361,-0.082035,0,0,0,48,7.589028,1.04234,12.39986,8.15041,0.225718,-0.073642,0,0
70571,7.80023,5.27413,-0.365832,1.307719,0.076803,-0.326924,-0.17372,0,0,0,48,7.58584,1.04234,12.40831,8.15041,0.125061,-0.201863,0,0
70593,7.974527,-4.771671,0.084382,1.307719,0.089511,-0.264438,-0.225432,0,0,0,48,7.582442,1.04234,12.42412,8.15041,0.087463,-0.176975,0,0
70614,7.769955,-4.618999,0.335211,1.314622,0.169823,-0.252596,-0.236186,0,0,0,48,7.579436,1.04234,12.44524,8.15041,0.041386,-0.211209,0,0
70634,7.547239,-0.008312,0.220329,1.319991,0.234719,-0.272098,-0.24836,0,0,0,48,7.57648,1.04234,12.46969,8.15041,0.01869,-0.253409,0,0
70656,7.471333,2.816115,0.215989,1.324592,0.432358,-0.284697,-0.261569,0,0,0,48,7.573557,1.04234,12.48526,8.15041,-0.073831,-0.358527,0,0
70676,7.559661,2.312298,0.220652,1.328427,0.614784,-0.263894,-0.267637,0,0,0,48,7.570652,1.04234,12.49146,8.15041,-0.175445,-0.439339,0,0
70698,7.701115,-2.817473,0.464356,1.336864,0.765199,-0.204248,-0.254403,0,0,0,48,7.567463,1.04234,12.4972,8.15041,-0.280476,-0.484723,0,0
70717,7.739534,-9.138083,0.792992,1.349903,0.764217,-0.053019,-0.206991,0,0,0,48,7.564845,1.04234,12.49837,8.15041,-0.355599,-0.408618,0,0
70739,7.628416,-16.34419,1.051624,1.371379,0.461981,0.250932,-0.069146,0,0,0,48,7.561605,1.04234,12.47222,8.15041,-0.356457,-0.105524,0,0
70760,7.322945,-14.4816,1.142249,1.395156,0.315483,0.398256,0.103215,0,0,0,48,7.558588,1.04234,12.44208,8.15041,-0.356869,0.041386,0,0
70781,7.029303,-7.977778,0.809432,1.41433,0.126422,0.295762,0.202859,0,0,0,48,7.55547,1.04234,12.43678,8.15041,-0.211092,0.08467,0,0
70801,6.869195,2.281764,0.381309,1.424301,0.236182,0.067069,0.187296,0,0,0,48,7.552242,1.04234,12.4551,8.15041,-0.151626,-0.084557,0,0
70822,7.05408,5.594741,0.132313,1.427369,0.455537,-0.068203,0.103322,0,0,0,48,7.548904,1.04234,12.46407,8.15041,-0.193667,-0.26187,0,0
70844,7.437192,-0.970144,0.166991,1.42967,0.51551,-0.072709,0.03164,0,0,0,48,7.545126,1.04234,12.45674,8.15041,-0.2214,-0.29411,0,0
70864,7.624841,-6.496862,0.279091,1.435039,0.503768,-0.102196,-0.014336,0,0,0,48,7.541608,1.04234,12.47444,8.15041,-0.200786,-0.302982,0,0
70884,7.626029,-10.42053,0.488482,1.444243,0.4435,-0.160906,-0.060221,0,0,0,48,7.538013,1.04234,12.51282,8.15041,-0.141297,-0.302203,0,0
70906,7.370039,-9.611365,0.53003,1.454214,0.225984,-0.265657,-0.130163,0,0,0,48,7.53397,1.04234,12.53679,8.15041,0.019836,-0.24582,0,0
70926,7.135561,-4.038846,0.173498,1.458049,-0.007014,-0.344091,-0.203712,0,0,0,48,7.530211,1.04234,12.54148,8.15041,0.175553,-0.168539,0,0
70948,7.041217,0.770314,-0.072242,1.456515,-0.095341,-0.301239,-0.25857,0,0,0,48,7.525996,1.04234,12.56449,8.15041,0.19829,-0.102949,0,0
70969,7.097099,1.793214,-0.341147,1.449612,-0.278513,-0.168022,-0.245658,0,0,0,48,7.522106,1.04234,12.61741,8.15041,0.223268,0.055245,0,0
70989,7.119224,2.052756,-0.47921,1.441175,-0.453474,-0.027709,-0.185955,0,0,0,48,7.518185,1.04234,12.67113,8.15041,0.240591,0.212883,0,0
71010,7.149798,3.76268,-0.539089,1.430437,-0.477058,0.16224,-0.078449,0,0,0,48,7.514255,1.04234,12.68751,8.15041,0.157409,0.319649,0,0
71032,7.20168,3.884818,-0.63721,1.416631,-0.611597,0.331384,0.06016,0,0,0,48,7.509945,1.04234,12.66484,8.15041,0.140107,0.47149,0,0
71052,7.207154,6.373367,-0.765483,1.402059,-0.64379,0.427637,0.18878,0,0,0,48,7.506063,1.04234,12.64772,8.15041,0.108077,0.535714,0,0
71074,7.228265,9.228329,-0.943381,1.382884,-0.656812,0.462337,0.30348,0,0,0,48,7.501856,1.04234,12.63989,8.15041,0.097238,0.559575,0,0
71095,7.332748,9.671077,-0.889356,1.363709,-0.528056,0.317462,0.339368,0,0,0,48,7.498118,1.04234,12.62365,8.15041,0.105297,0.422759,0,0
71115,7.480191,6.403902,-0.776396,1.346835,-0.514034,0.094541,0.2795,0,0,0,48,7.494478,1.04234,12.58083,8.15041,0.209747,0.304288,0,0
71137,7.510725,4.663444,-0.63749,1.332262,-0.497729,-0.130546,0.147849,0,0,0,48,7.490601,1.04234,12.52862,8.15041,0.314137,0.183592,0,0
71157,7.454832,7.808481,-0.714896,1.319224,-0.399787,-0.278995,0.004896,0,0,0,48,7.487196,1.04234,12.51267,8.15041,0.339391,0.060396,0,0
71178,7.541412,7.808481,-0.684364,1.306185,-0.237946,-0.340068,-0.13007,0,0,0,48,7.483912,1.04234,12.52673,8.15041,0.289007,-0.051061,0,0
71200,7.766346,-0.054114,-0.339297,1.297748,-0.165398,-0.283963,-0.209538,0,0,0,48,7.480435,1.04234,12.53729,8.15041,0.22468,-0.059283,0,0
71220,7.783257,-5.993045,-0.017294,1.296981,-0.228112,-0.193756,-0.217652,0,0,0,48,7.477388,1.04234,12.5246,8.15041,0.210934,0.017178,0,0
71242,7.507956,-2.45106,0.024515,1.298515,-0.24063,-0.180523,-0.201975,0,0,0,48,7.474138,1.04234,12.52178,8.15041,0.210576,0.030053,0,0
71262,7.392998,0.861917,-0.022327,1.298515,-0.162027,-0.190956,-0.198363,0,0,0,48,7.471257,1.04234,12.53569,8.15041,0.176492,-0.014464,0,0
71284,7.372578,0.724512,-0.000555,1.298515,-0.146222,-0.200958,-0.201647,0,0,0,48,7.468154,1.04234,12.53904,8.15041,0.17359,-0.027368,0,0
71303,7.375848,1.426802,-2.4e-05,1.298515,-0.068883,-0.207257,-0.203061,0,0,0,48,7.465659,1.04234,12.52994,8.15041,0.13807,-0.069187,0,0
71325,7.404535,0.724512,0.144054,1.301583,0.085031,-0.220374,-0.20885,0,0,0,48,7.462649,1.04234,12.52913,8.15041,0.067672,-0.152703,0,0
71345,7.420331,1.06039,0.235973,1.304651,0.25557,-0.259084,-0.2213,0,0,0,48,7.45994,1.04234,12.54491,8.15041,0.001757,-0.257327,0,0
71367,7.426595,0.220695,0.236932,1.309253,0.309461,-0.292933,-0.243546,0,0,0,48,7.456977,1.04234,12.55512,8.15041,-0.008264,-0.301197,0,0
71387,7.419369,1.014588,0.212339,1.314622,0.431979,-0.334696,-0.270652,0,0,0,48,7.454288,1.04234,12.55133,8.15041,-0.048641,-0.383337,0,0
71407,7.45591,-1.367091,0.459959,1.323058,0.615872,-0.36226,-0.300659,0,0,0,48,7.451589,1.04234,12.55042,8.15041,-0.126806,-0.489066,0,0
71429,7.463488,-2.72587,0.536537,1.333029,0.712113,-0.317301,-0.319212,0,0,0,48,7.448596,1.04234,12.55042,8.15041,-0.197406,-0.514707,0,0
71449,7.481226,-7.458694,0.636879,1.345301,0.611092,-0.162025,-0.289127,0,0,0,48,7.445837,1.04234,12.54244,8.15041,-0.224533,-0.386559,0,0
71471,7.394401,-12.64953,0.868364,1.364476,0.425386,0.185041,-0.150915,0,0,0,48,7.442742,1.04234,12.50564,8.15041,-0.305213,-0.120172,0,0
71490,7.201213,-13.21442,1.053718,1.384418,0.315307,0.405094,0.028222,0,0,0,48,7.440136,1.04234,12.47188,8.15041,-0.3602,0.044894,0,0
71511,6.958921,-7.870908,0.752075,1.402059,0.129486,0.395791,0.185026,0,0,0,48,7.437142,1.04234,12.45429,8.15041,-0.262639,0.133153,0,0
71531,6.8153,-1.183885,0.534536,1.41433,0.185755,0.243983,0.234134,0,0,0,48,7.434037,1.04234,12.45339,8.15041,-0.214869,0.029114,0,0
71553,6.90491,3.671077,0.164201,1.419699,0.294841,0.065675,0.190176,0,0,0,48,7.430493,1.04234,12.44033,8.15041,-0.180258,-0.114583,0,0
71573,7.162493,1.564207,0.07324,1.421233,0.383345,-0.00018,0.123711,0,0,0,48,7.427167,1.04234,12.42632,8.15041,-0.191583,-0.191763,0,0
71595,7.410102,-3.107549,0.28564,1.425068,0.541319,-0.012381,0.069983,0,0,0,48,7.423412,1.04234,12.43451,8.15041,-0.264469,-0.27685,0,0
71616,7.445244,-6.603732,0.224442,1.42967,0.350156,-0.045607,0.030651,0,0,0,48,7.419917,1.04234,12.46694,8.15041,-0.152275,-0.197882,0,0
71637,7.3103,-6.160984,0.205822,1.435039,0.217469,-0.092222,-0.011079,0,0,0,48,7.41635,1.04234,12.49232,8.15041,-0.062624,-0.154846,0,0
71657,7.175373,-2.389992,0.027119,1.436573,0.145818,-0.107939,-0.051834,0,0,0,48,7.412717,1.04234,12.49526,8.15041,-0.01894,-0.126878,0,0
71679,7.177776,-2.038847,-0.090244,1.434272,0.022821,-0.023835,-0.058112,0,0,0,48,7.408658,1.04234,12.49713,8.15041,0.000507,-0.023328,0,0
71697,7.197646,-2.756404,-0.150737,1.430437,-0.119658,0.047591,-0.031267,0,0,0,48,7.405301,1.04234,12.52564,8.15041,0.036034,0.083624,0,0
71720,7.136701,-2.848007,-0.295773,1.424301,-0.413061,0.139559,0.029557,0,0,0,48,7.40117,1.04234,12.57882,8.15041,0.136751,0.27631,0,0
71742,7.023202,0.037489,-0.386986,1.416631,-0.566446,0.261448,0.100148,0,0,0,48,7.397403,1.04234,12.59912,8.15041,0.152499,0.413947,0,0
71761,6.921926,3.793214,-0.648652,1.40436,-0.778602,0.369578,0.182019,0,0,0,48,7.393643,1.04234,12.58869,8.15041,0.204512,0.57409,0,0
71783,6.861238,9.930619,-0.864375,1.386719,-0.778341,0.455331,0.283039,0,0,0,48,7.389541,1.04234,12.59591,8.15041,0.161505,0.616836,0,0
71804,6.989618,13.36573,-1.0251,1.365243,-0.642534,0.381587,0.344867,0,0,0,48,7.385873,1.04234,12.63401,8.15041,0.130474,0.51206,0,0
71824,7.225347,11.62528,-1.098475,1.343,-0.600792,0.128862,0.302829,0,0,0,48,7.382288,1.04234,12.66089,8.15041,0.235965,0.364827,0,0
71845,7.346241,10.64818,-1.010405,1.323058,-0.478178,-0.186701,0.157037,0,0,0,48,7.378818,1.04234,12.63817,8.15041,0.332439,0.145738,0,0
71867,7.530717,10.00696,-0.918826,1.303884,-0.203794,-0.370658,-0.034859,0,0,0,48,7.375142,1.04234,12.58895,8.15041,0.287226,-0.083432,0,0
71888,7.842577,0.174894,-0.440119,1.292379,-0.054841,-0.305563,-0.160909,0,0,0,48,7.371942,1.04234,12.56929,8.15041,0.180202,-0.125361,0,0
71908,7.906332,-10.55793,-0.042873,1.290078,-0.309163,-0.18018,-0.187587,0,0,0,48,7.368869,1.04234,12.59362,8.15041,0.244672,0.064491,0,0
71926,7.55518,-7.580832,0.027673,1.291612,-0.441851,-0.122527,-0.17146,0,0,0,48,7.366195,1.04234,12.64142,8.15041,0.282189,0.159662,0,0
71948,7.191912,-0.420526,-0.087307,1.290845,-0.489035,-0.123735,-0.151905,0,0,0,48,7.36302,1.04234,12.67931,8.15041,0.306385,0.18265,0,0
71970,7.074545,3.426802,-0.228277,1.285476,-0.531168,-0.099478,-0.139251,0,0,0,48,7.359934,1.04234,12.66738,8.15041,0.315323,0.215845,0,0
71990,7.125925,5.716878,-0.291909,1.278573,-0.415413,-0.048416,-0.114449,0,0,0,48,7.357201,1.04234,12.65307,8.15041,0.231914,0.183499,0,0
72012,7.319024,2.922986,-0.219549,1.27167,-0.333745,0.005307,-0.076603,0,0,0,48,7.354273,1.04234,12.68489,8.15041,0.164219,0.169526,0,0
72030,7.4066,-0.817473,-0.059158,1.269369,-0.34334,-0.00849,-0.053148,0,0,0,48,7.351939,1.04234,12.72667,8.15041,0.175915,0.167425,0,0
72051,7.361997,-2.496862,0.076759,1.270136,-0.379966,-0.046968,-0.043382,0,0,0,48,7.349402,1.04234,12.75083,8.15041,0.213467,0.166499,0,0
72071,7.258477,-0.115183,0.047181,1.270903,-0.348112,-0.08989,-0.054549,0,0,0,48,7.346912,1.04234,12.73085,8.15041,0.219001,0.129111,0,0
72093,7.279887,0.480237,0.00117,1.270903,-0.293698,-0.08542,-0.068399,0,0,0,48,7.344216,1.04234,12.71395,8.15041,0.189559,0.104139,0,0
72113,7.303929,0.25123,0.027985,1.27167,-0.228641,-0.071335,-0.073856,0,0,0,48,7.341795,1.04234,12.73871,8.15041,0.149988,0.078653,0,0
72133,7.336761,-0.863274,0.147018,1.273971,-0.132775,-0.075357,-0.073603,0,0,0,48,7.339397,1.04234,12.77512,8.15041,0.104066,0.028709,0,0
72154,7.294864,0.25123,0.121141,1.276272,-0.073765,-0.088063,-0.080203,0,0,0,48,7.337014,1.04234,12.78498,8.15041,0.080914,-0.007149,0,0
72174,7.292816,0.678711,0.134412,1.27934,0.024495,-0.114466,-0.09256,0,0,0,48,7.334639,1.04234,12.76297,8.15041,0.044986,-0.069481,0,0
72196,7.318346,0.403901,0.149268,1.283175,0.121076,-0.160712,-0.114378,0,0,0,48,7.332025,1.04234,12.75044,8.15041,0.019818,-0.140894,0,0
72216,7.351214,0.25123,0.214476,1.28701,0.275363,-0.202505,-0.139683,0,0,0,48,7.329642,1.04234,12.7698,8.15041,-0.036429,-0.238934,0,0
72234,7.385685,-0.909076,0.23049,1.291612,0.341762,-0.257126,-0.170487,0,0,0,48,7.327487,1.04234,12.78852,8.15041,-0.042318,-0.299444,0,0
72256,7.379291,-1.580831,0.404431,1.299282,0.524867,-0.311221,-0.221529,0,0,0,48,7.324831,1.04234,12.77586,8.15041,-0.106823,-0.418044,0,0
72276,7.352799,-3.244954,0.371557,1.306952,0.469804,-0.409838,-0.278619,0,0,0,48,7.322387,1.04234,12.75076,8.15041,-0.029983,-0.439821,0,0
72298,7.313989,-4.206786,0.607313,1.318457,0.626776,-0.438528,-0.340286,0,0,0,48,7.319653,1.04234,12.74888,8.15041,-0.094124,-0.532652,0,0
72318,7.246686,-6.328923,0.511203,1.328427,0.424655,-0.384413,-0.371057,0,0,0,48,7.317115,1.04234,12.75646,8.15041,-0.020121,-0.404534,0,0
72339,7.108182,-6.13045,0.539688,1.340699,0.346368,-0.211274,-0.34204,0,0,0,48,7.314516,1.04234,12.74634,8.15041,-0.067547,-0.278821,0,0
72360,6.999971,-6.008312,0.683245,1.353738,0.340018,0.057729,-0.226319,0,0,0,48,7.311841,1.04234,12.72573,8.15041,-0.198873,-0.141145,0,0
72381,6.862257,-3.244954,0.530828,1.364476,0.227445,0.283574,-0.048108,0,0,0,48,7.308806,1.04234,12.71037,8.15041,-0.255509,0.028064,0,0
72401,6.803393,-0.603732,0.403565,1.372913,0.210573,0.354605,0.098649,0,0,0,48,7.305959,1.04234,12.70876,8.15041,-0.282589,0.072016,0,0
72421,6.822416,0.968787,0.293421,1.379049,0.228812,0.318735,0.191023,0,0,0,48,7.303029,1.04234,12.69732,8.15041,-0.273774,0.044962,0,0
72442,6.917943,2.083291,0.145386,1.382884,0.290569,0.274408,0.229139,0,0,0,48,7.300019,1.04234,12.65867,8.15041,-0.282489,-0.00808,0,0
72463,7.112989,-1.367091,0.289905,1.38902,0.413349,0.242574,0.23761,0,0,0,48,7.296623,1.04234,12.61463,8.15041,-0.327962,-0.085388,0,0
72485,7.225342,-5.15335,0.297426,1.395923,0.329638,0.224786,0.234478,0,0,0,48,7.293145,1.04234,12.60034,8.15041,-0.277212,-0.052426,0,0
72506,7.204659,-7.458694,0.500387,1.405894,0.3164,0.211774,0.228184,0,0,0,48,7.289907,1.04234,12.60357,8.15041,-0.264087,-0.052313,0,0
72527,7.068187,-6.13045,0.335558,1.413563,0.118612,0.156365,0.207584,0,0,0,48,7.286593,1.04234,12.60014,8.15041,-0.137488,0.018876,0,0
72548,6.921509,-0.909076,0.093246,1.416631,0.061133,0.107658,0.174755,0,0,0,48,7.283204,1.04234,12.59184,8.15041,-0.084395,0.023262,0,0
72568,6.96627,0.938253,-0.141217,1.41433,0.001659,0.161559,0.159038,0,0,0,48,7.279751,1.04234,12.59846,8.15041,-0.081609,0.07995,0,0
72590,7.096101,-3.199152,-0.123505,1.411263,-0.179057,0.241664,0.180517,0,0,0,48,7.275899,1.04234,12.62622,8.15041,-0.031304,0.21036,0,0
72610,7.019719,-2.970144,-0.160655,1.408195,-0.358533,0.279475,0.212831,0,0,0,48,7.272363,1.04234,12.65213,8.15041,0.039529,0.319004,0,0
72628,6.890228,-0.466328,-0.334004,1.402826,-0.567636,0.298717,0.240012,0,0,0,48,7.269162,1.04234,12.65174,8.15041,0.13446,0.433176,0,0
72651,6.779234,4.495504,-0.537679,1.392088,-0.670993,0.373434,0.281141,0,0,0,48,7.265244,1.04234,12.62669,8.15041,0.14878,0.522213,0,0
72671,6.776895,7.610008,-0.598566,1.379816,-0.641242,0.389503,0.322249,0,0,0,48,7.261697,1.04234,12.61534,8.15041,0.125869,0.515372,0,0
72693,6.831368,9.869551,-0.792848,1.362175,-0.692701,0.305821,0.337498,0,0,0,48,7.257837,1.04234,12.63194,8.15041,0.19344,0.499261,0,0
72714,6.968426,9.839016,-0.796052,1.345301,-0.611672,0.093694,0.273158,0,0,0,48,7.254391,1.04234,12.64784,8.15041,0.258989,0.352683,0,0
72732,7.042803,10.23596,-0.87042,1.330728,-0.586204,-0.101721,0.165071,0,0,0,48,7.251357,1.04234,12.63049,8.15041,0.343962,0.242242,0,0
72754,7.201451,10.87718,-0.820414,1.313855,-0.321162,-0.303662,0.000992,0,0,0,48,7.247748,1.04234,12.60036,8.15041,0.312412,0.00875,0,0
72774,7.495766,5.991688,-0.638472,1.300816,-0.109387,-0.335225,-0.125838,0,0,0,48,7.244575,1.04234,12.59293,8.15041,0.222306,-0.112919,0,0
72796,7.735348,-5.458694,-0.116651,1.295447,-0.099642,-0.238602,-0.191658,0,0,0,48,7.241207,1.04234,12.60658,8.15041,0.169122,-0.06948,0,0
72817,7.515997,-8.191519,0.163104,1.297748,-0.254784,-0.169753,-0.188763,0,0,0,48,7.238248,1.04234,12.62415,8.15041,0.212269,0.042516,0,0
72837,7.176424,-1.107549,0.01321,1.298515,-0.269402,-0.165744,-0.180479,0,0,0,48,7.235363,1.04234,12.63202,8.14247,0.217573,0.051829,0,0
72857,7.105813,0.907718,-0.149339,1.296214,-0.335384,-0.183749,-0.178942,0,0,0,48,7.232536,1.04234,12.61687,8.14247,0.259567,0.075817,0,0
72879,7.123013,-0.145717,-0.031316,1.29468,-0.309674,-0.139737,-0.167907,0,0,0,48,7.229487,1.04234,12.58923,8.14247,0.224705,0.084969,0,0
72900,7.105223,-0.191518,-0.022327,1.293146,-0.339136,-0.141558,-0.152629,0,0,0,48,7.226764,1.04234,12.59254,8.14247,0.240347,0.098789,0,0
72920,7.098778,-0.374725,0.046523,1.293146,-0.313741,-0.13819,-0.143765,0,0,0,48,7.22408,1.04234,12.61327,8.14247,0.225965,0.087775,0,0
72940,7.053364,0.281764,0.010759,1.293146,-0.346123,-0.140442,-0.142963,0,0,0,48,7.221427,1.04234,12.62242,8.14247,0.243282,0.102841,0,0
72960,7.058448,0.678711,0.072313,1.293913,-0.26674,-0.14999,-0.146404,0,0,0,48,7.218801,1.04234,12.61662,8.14247,0.208365,0.058375,0,0
72982,7.085305,0.770314,0.005558,1.293913,-0.2612,-0.152329,-0.151186,0,0,0,48,7.215935,1.04234,12.61889,8.14247,0.206764,0.054436,0,0
73002,7.125082,1.16726,0.072067,1.29468,-0.117635,-0.159801,-0.153773,0,0,0,48,7.213346,1.04234,12.63918,8.14247,0.138718,-0.021083,0,0
73024,7.191476,-0.160984,0.043253,1.296214,-0.089344,-0.187025,-0.160844,0,0,0,48,7.210512,1.04234,12.66194,8.14247,0.138184,-0.048841,0,0
73044,7.176776,0.083291,0.130921,1.299282,0.036992,-0.207597,-0.171645,0,0,0,48,7.207942,1.04234,12.66418,8.14247,0.085302,-0.122295,0,0
73065,7.187522,0.220695,0.231377,1.303117,0.205112,-0.239784,-0.19284,0,0,0,48,7.20537,1.04234,12.65546,8.14247,0.017336,-0.222448,0,0
73085,7.201375,-0.222053,0.146435,1.306185,0.213262,-0.27321,-0.218327,0,0,0,48,7.202792,1.04234,12.65735,8.14247,0.029974,-0.243236,0,0
73107,7.221808,-0.756404,0.242371,1.311554,0.366607,-0.314052,-0.25123,0,0,0,48,7.199942,1.04234,12.67188,8.14247,-0.026277,-0.34033,0,0
73127,7.20115,-1.626633,0.342947,1.31769,0.449891,-0.346899,-0.282856,0,0,0,48,7.197331,1.04234,12.67321,8.14247,-0.051496,-0.398395,0,0
73147,7.18641,-2.252587,0.352317,1.324592,0.49211,-0.348601,-0.309595,0,0,0,48,7.194693,1.04234,12.66373,8.14247,-0.071755,-0.420355,0,0
73170,7.143999,-3.580832,0.366752,1.333796,0.461917,-0.289089,-0.315427,0,0,0,48,7.19175,1.04234,12.65084,8.14247,-0.086414,-0.375503,0,0
73191,7.082946,-4.55793,0.40836,1.343767,0.424835,-0.150423,-0.275692,0,0,0,48,7.189024,1.04234,12.64561,8.14247,-0.137206,-0.287629,0,0
73211,7.023559,-6.145717,0.524762,1.354505,0.367229,0.073983,-0.177698,0,0,0,48,7.186243,1.04234,12.63893,8.14247,-0.220606,-0.146623,0,0
73233,6.875116,-6.313656,0.699832,1.368311,0.31434,0.292409,-0.017899,0,0,0,48,7.18311,1.04234,12.62115,8.14247,-0.303374,-0.010966,0,0
73252,6.78677,-5.306022,0.489271,1.376748,0.100864,0.35391,0.108946,0,0,0,48,7.18048,1.04234,12.6066,8.14247,-0.227387,0.126523,0,0
73273,6.709054,-1.183885,0.335747,1.385185,0.119549,0.367999,0.219524,0,0,0,48,7.177179,1.04234,12.59065,8.14247,-0.243774,0.124225,0,0
73293,6.724303,0.999321,0.259915,1.389787,0.185695,0.314054,0.266953,0,0,0,48,7.174098,1.04234,12.57551,8.14247,-0.249875,0.06418,0,0
73314,6.824282,2.266497,0.025805,1.390554,0.191165,0.260248,0.274215,0,0,0,48,7.170945,1.04234,12.56125,8.14247,-0.225707,0.034541,0,0
73334,6.987692,0.434436,0.010088,1.391321,0.246348,0.240898,0.263415,0,0,0,48,7.167731,1.04234,12.55226,8.14247,-0.243623,-0.002725,0,0
73357,7.11928,-2.649534,0.028483,1.392855,0.22753,0.24198,0.251673,0,0,0,48,7.164138,1.04234,12.54845,8.14247,-0.234755,0.007225,0,0
73376,7.14356,-4.878541,0.0891,1.395923,0.172783,0.21689,0.240018,0,0,0,48,7.160825,1.04234,12.54617,8.14247,-0.194837,0.022054,0,0
73398,7.067563,-3.794572,0.03354,1.398224,0.110436,0.210552,0.230015,0,0,0,48,7.157133,1.04234,12.5501,8.14247,-0.160494,0.050058,0,0
73418,7.007655,-3.015946,-0.121575,1.398224,-0.035765,0.23395,0.224711,0,0,0,48,7.153738,1.04234,12.55263,8.14247,-0.099092,0.134857,0,0
73440,6.945861,-1.550297,-0.051908,1.39669,-0.021142,0.256924,0.231197,0,0,0,48,7.14997,1.04234,12.56391,8.14247,-0.117891,0.139033,0,0
73460,6.909479,-2.954877,-0.101065,1.393622,-0.25728,0.282429,0.249984,0,0,0,48,7.146523,1.04234,12.5779,8.14247,-0.012575,0.269854,0,0
73483,6.792902,-0.695335,-0.280403,1.388253,-0.487793,0.314872,0.275099,0,0,0,48,7.142721,1.04234,12.58956,8.14247,0.086461,0.401333,0,0
73502,6.707621,1.289398,-0.451171,1.38135,-0.690309,0.346023,0.294647,0,0,0,48,7.13961,1.04234,12.5949,8.14247,0.172143,0.518166,0,0
73522,6.68555,3.487871,-0.438367,1.372913,-0.695589,0.35162,0.311847,0,0,0,48,7.136166,1.04234,12.60424,8.14247,0.171984,0.523604,0,0
73544,6.695453,6.327566,-0.580169,1.360641,-0.729163,0.281129,0.311584,0,0,0,48,7.132409,1.04234,12.62704,8.14247,0.224017,0.505146,0,0
73565,6.738941,8.25123,-0.591136,1.348369,-0.661832,0.134451,0.266891,0,0,0,48,7.129041,1.04234,12.65524,8.14247,0.263691,0.398142,0,0
73585,6.827711,10.52604,-0.691551,1.333796,-0.549016,-0.069462,0.164352,0,0,0,48,7.125733,1.04234,12.6719,8.14247,0.309239,0.239777,0,0
73605,6.971874,12.2207,-0.820364,1.318457,-0.367457,-0.272751,0.025186,0,0,0,48,7.1225,1.04234,12.67937,8.14247,0.320104,0.047353,0,0
73625,7.274457,9.564207,-0.72993,1.303884,-0.079247,-0.362056,-0.116027,0,0,0,48,7.119354,1.04234,12.67723,8.14247,0.220651,-0.141404,0,0
73645,7.605132,-2.802206,-0.279952,1.296981,-0.076168,-0.277558,-0.195804,0,0,0,48,7.116303,1.04234,12.66898,8.14247,0.176863,-0.100695,0,0
73667,7.51771,-9.535029,0.121676,1.299282,-0.226807,-0.172232,-0.204066,0,0,0,48,7.11305,1.04234,12.67324,8.14247,0.19952,0.027288,0,0
73688,7.134108,-2.924343,0.083336,1.30235,-0.216357,-0.197962,-0.196208,0,0,0,48,7.110168,1.04234,12.70175,8.14247,0.207159,0.009197,0,0
73706,6.983319,0.984054,-0.194688,1.300816,-0.320939,-0.201316,-0.19712,0,0,0,48,7.107619,1.04234,12.71514,8.14247,0.261128,0.059811,0,0
73729,7.023765,0.434436,-0.193035,1.297748,-0.317316,-0.174095,-0.192494,0,0,0,48,7.104553,1.04234,12.69844,8.14247,0.245706,0.07161,0,0
73749,7.06491,-2.252587,-0.008808,1.297748,-0.309096,-0.151979,-0.178318,0,0,0,48,7.101809,1.04234,12.68392,8.14247,0.230538,0.078558,0,0
73770,7.012028,-1.382358,0.009738,1.298515,-0.3002,-0.171086,-0.173607,0,0,0,48,7.099099,1.04234,12.7014,8.14247,0.235643,0.064557,0,0
73790,6.953365,0.388634,0.000315,1.298515,-0.260135,-0.191182,-0.179047,0,0,0,48,7.096416,1.04234,12.7281,8.14247,0.225658,0.034477,0,0
73810,6.950462,0.129092,1.1e-05,1.298515,-0.277438,-0.187448,-0.180809,0,0,0,48,7.093755,1.04234,12.71723,8.14247,0.232443,0.044995,0,0
73832,6.95701,0.57184,0.001533,1.298515,-0.236212,-0.18197,-0.178995,0,0,0,48,7.090849,1.04234,12.69003,8.14247,0.209091,0.027121,0,0
73852,6.969491,0.648176,5.3e-05,1.298515,-0.206089,-0.189045,-0.181185,0,0,0,48,7.088222,1.04234,12.69755,8.14247,0.197567,0.008522,0,0
73872,7.002624,-0.145717,0.010668,1.299282,-0.182667,-0.189219,-0.184412,0,0,0,48,7.085606,1.04234,12.72275,8.14247,0.185943,-0.003276,0,0
73895,6.981096,0.648176,0.013782,1.300816,-0.115851,-0.20351,-0.189542,0,0,0,48,7.082736,1.04234,12.72911,8.14247,0.15968,-0.043829,0,0
73917,7.009766,1.732146,0.032252,1.301583,0.041986,-0.219864,-0.199179,0,0,0,48,7.079873,1.04234,12.71152,8.14247,0.088939,-0.130925,0,0
73937,7.075491,-0.695335,0.090876,1.303884,0.065426,-0.236924,-0.2083,0,0,0,48,7.077269,1.04234,12.70287,8.14247,0.085749,-0.151175,0,0
73959,7.083324,-1.107549,0.141256,1.307719,0.158564,-0.2643,-0.224684,0,0,0,48,7.074402,1.04234,12.71692,8.14247,0.052868,-0.211432,0,0
73978,7.082289,-1.077015,0.114353,1.310787,0.201568,-0.316479,-0.248771,0,0,0,48,7.072048,1.04234,12.73076,8.14247,0.057455,-0.259023,0,0
73998,7.058831,-0.573198,0.197158,1.316156,0.344342,-0.344942,-0.28273,0,0,0,48,7.069417,1.04234,12.72767,8.14247,0.0003,-0.344642,0,0
74018,7.06191,-1.489228,0.217367,1.320758,0.377971,-0.36707,-0.310355,0,0,0,48,7.066766,1.04234,12.71568,8.14247,-0.00545,-0.37252,0,0
74040,7.025812,-0.985412,0.236958,1.326126,0.458209,-0.340858,-0.328722,0,0,0,48,7.06382,1.04234,12.71958,8.14247,-0.058676,-0.399533,0,0
74060,7.035855,-1.397625,0.303841,1.331495,0.560485,-0.314193,-0.330149,0,0,0,48,7.061112,1.04234,12.72892,8.14247,-0.123146,-0.437339,0,0
74080,7.015005,-3.015946,0.277718,1.336864,0.477304,-0.261665,-0.311209,0,0,0,48,7.058369,1.04234,12.72478,8.14247,-0.10782,-0.369485,0,0
74101,6.946302,-3.718236,0.272062,1.343767,0.397544,-0.137227,-0.264328,0,0,0,48,7.055586,1.04234,12.69479,8.14247,-0.130159,-0.267385,0,0
74121,6.93948,-6.252587,0.47429,1.352204,0.392449,0.010049,-0.183617,0,0,0,48,7.052761,1.04234,12.65863,8.14247,-0.201249,-0.1912,0,0
74143,6.844779,-8.191519,0.502571,1.362175,0.173975,0.22075,-0.054138,0,0,0,48,7.049593,1.04234,12.63667,8.14247,-0.197362,0.023387,0,0
74164,6.638073,-4.985412,0.42789,1.371379,0.039321,0.332317,0.085521,0,0,0,48,7.04665,1.04234,12.62769,8.14247,-0.185819,0.146498,0,0
74184,6.506422,-0.389992,0.23427,1.376748,-0.027916,0.367776,0.190598,0,0,0,48,7.043643,1.04234,12.61567,8.14247,-0.16993,0.197846,0,0
74204,6.466759,4.052756,0.022084,1.377515,-0.011614,0.300487,0.244836,0,0,0,48,7.040576,1.04234,12.5968,8.14247,-0.144437,0.156051,0,0
74226,6.658317,2.816115,-0.06354,1.375214,-0.000966,0.232286,0.249307,0,0,0,48,7.037146,1.04234,12.58008,8.14247,-0.11566,0.116626,0,0
74246,6.8052,-0.741137,-0.00221,1.375214,-0.049669,0.228204,0.238507,0,0,0,48,7.033987,1.04234,12.579,8.14247,-0.089267,0.138936,0,0
74268,6.800927,-0.618999,0.010549,1.375981,-0.061244,0.234659,0.233359,0,0,0,48,7.030477,1.04234,12.5876,8.14247,-0.086707,0.147951,0,0
74286,6.799079,-0.206786,0.000486,1.375981,-0.061106,0.245412,0.236173,0,0,0,48,7.027581,1.04234,12.59439,8.14247,-0.092153,0.153259,0,0
74307,6.826798,-1.183885,-0.02603,1.375214,-0.135008,0.256079,0.241344,0,0,0,48,7.024343,1.04234,12.59976,8.14247,-0.060535,0.195544,0,0
74327,6.819396,-1.290755,-0.056832,1.374447,-0.203054,0.246927,0.243795,0,0,0,48,7.021088,1.04234,12.60592,8.14247,-0.021936,0.224991,0,0
74350,6.769369,-0.359457,-0.009829,1.37368,-0.208517,0.252087,0.245291,0,0,0,48,7.017494,1.04234,12.6226,8.14247,-0.021785,0.230302,0,0
74370,6.744559,-0.084648,-0.020301,1.372146,-0.271609,0.258477,0.246795,0,0,0,48,7.014219,1.04234,12.64451,8.14247,0.006566,0.265043,0,0
74389,6.72451,0.129092,-0.206718,1.369078,-0.460454,0.250055,0.247533,0,0,0,48,7.011271,1.04234,12.6552,8.14247,0.1052,0.355254,0,0
74411,6.69225,0.770314,-0.164627,1.36601,-0.496503,0.250023,0.246891,0,0,0,48,7.007668,1.04234,12.67016,8.14247,0.12324,0.373263,0,0
74431,6.675545,1.686344,-0.171328,1.362175,-0.527029,0.225055,0.243297,0,0,0,48,7.004401,1.04234,12.68005,8.14247,0.150987,0.376042,0,0
74453,6.682665,2.022222,-0.219817,1.357573,-0.594364,0.19951,0.231187,0,0,0,48,7.000823,1.04234,12.69273,8.14247,0.197427,0.396937,0,0
74474,6.69174,2.526039,-0.194816,1.352971,-0.59589,0.173428,0.209991,0,0,0,48,6.99759,1.04234,12.70253,8.14247,0.211231,0.384659,0,0
74493,6.714424,2.526039,-0.244053,1.348369,-0.642823,0.106198,0.179401,0,0,0,48,6.994701,1.04234,12.70826,8.14247,0.268313,0.37451,0,0
74513,6.73705,3.884818,-0.246103,1.343767,-0.56393,0.033412,0.133486,0,0,0,48,6.991519,1.04234,12.71184,8.14247,0.265259,0.298671,0,0
74535,6.783052,4.57184,-0.329019,1.337631,-0.540218,-0.049324,0.070902,0,0,0,48,6.988055,1.04234,12.72232,8.14247,0.294771,0.245447,0,0
74555,6.845394,5.335199,-0.233407,1.333029,-0.337507,-0.141132,0.003522,0,0,0,48,6.984943,1.04234,12.73988,8.14247,0.239319,0.098187,0,0
74577,6.97342,4.14436,-0.126941,1.328427,-0.145151,-0.224907,-0.080863,0,0,0,48,6.981564,1.04234,12.75629,8.14247,0.185029,-0.039878,0,0
74598,7.081439,0.312298,-0.123592,1.326126,-0.191406,-0.272104,-0.150045,0,0,0,48,6.978532,1.04234,12.76121,8.14247,0.231755,-0.040349,0,0
74620,7.051355,-1.092282,0.230899,1.328427,0.011772,-0.212913,-0.1849,0,0,0,48,6.975237,1.04234,12.76303,8.14247,0.100571,-0.112343,0,0
74640,6.98874,-0.099915,0.047968,1.329194,-0.053254,-0.175347,-0.183975,0,0,0,48,6.972269,1.04234,12.77961,8.14247,0.1143,-0.061047,0,0
74660,6.977596,0.57184,-0.018522,1.329961,-0.003655,-0.164743,-0.178257,0,0,0,48,6.969318,1.04234,12.79945,8.14247,0.084199,-0.080544,0,0
74681,6.973983,0.297031,0.114064,1.332262,0.143308,-0.169923,-0.174887,0,0,0,48,6.96638,1.04234,12.80598,8.14247,0.013307,-0.156616,0,0
74702,6.977129,-0.466328,0.153414,1.334563,0.197484,-0.174892,-0.17436,0,0,0,48,6.963449,1.04234,12.80238,8.14247,-0.011296,-0.186188,0,0
74724,6.998267,-1.886175,0.074217,1.337631,0.152916,-0.123366,-0.162529,0,0,0,48,6.960226,1.04234,12.80646,8.14247,-0.014775,-0.138141,0,0
74744,6.998108,-2.817473,0.276456,1.343,0.304834,-0.075693,-0.138062,0,0,0,48,6.957289,1.04234,12.81977,8.14247,-0.11457,-0.190264,0,0
74766,6.95437,-4.741137,0.256476,1.349136,0.184472,0.016105,-0.091454,0,0,0,48,6.954042,1.04234,12.82141,8.14247,-0.100289,-0.084183,0,0
74786,6.835419,-3.6419,0.361427,1.356039,0.226916,0.121091,-0.026163,0,0,0,48,6.951067,1.04234,12.81112,8.14247,-0.174004,-0.052913,0,0
74804,6.780718,-4.160984,0.218984,1.360641,0.045458,0.21447,0.045842,0,0,0,48,6.948365,1.04234,12.79958,8.14247,-0.129964,0.084506,0,0
74827,6.702161,-2.313656,0.219254,1.366777,0.07067,0.272713,0.132787,0,0,0,48,6.945022,1.04234,12.7915,8.14247,-0.171692,0.101021,0,0
74849,6.688667,-0.038847,0.08893,1.369845,0.097717,0.262711,0.188129,0,0,0,48,6.941633,1.04234,12.78518,8.14247,-0.180214,0.082497,0,0
74870,6.753679,-0.145717,0.06644,1.372146,0.149596,0.242126,0.212735,0,0,0,48,6.938514,1.04234,12.77171,8.1385,-0.195861,0.046265,0,0
74890,6.81242,-1.412892,0.065683,1.37368,0.141488,0.228761,0.21769,0,0,0,48,6.935362,1.04234,12.75216,8.1385,-0.185125,0.043637,0,0
74912,6.845895,-2.145717,0.086214,1.375981,0.162016,0.237659,0.221703,0,0,0,48,6.931861,1.04234,12.74747,8.1385,-0.199838,0.037822,0,0
74932,6.831786,-2.817473,0.039877,1.377515,0.077532,0.234921,0.225071,0,0,0,48,6.928649,1.04234,12.7573,8.1385,-0.156226,0.078694,0,0
74954,6.766872,-1.229686,0.0101,1.379049,0.079537,0.231544,0.230244,0,0,0,48,6.925086,1.04234,12.76924,8.1385,-0.15554,0.076003,0,0
74974,6.767767,-1.306022,0.000352,1.379049,0.058508,0.243889,0.23526,0,0,0,48,6.921823,1.04234,12.77256,8.1385,-0.151198,0.09269,0,0
74993,6.744559,-1.74877,-0.124285,1.377515,-0.109383,0.240229,0.237708,0,0,0,48,6.91887,1.04234,12.77188,8.1385,-0.065423,0.174806,0,0
75014,6.722417,-1.580831,-0.078961,1.375981,-0.144823,0.257829,0.242483,0,0,0,48,6.915576,1.04234,12.7705,8.1385,-0.056503,0.201326,0,0
75034,6.688261,-1.626633,-0.095928,1.374447,-0.247723,0.254784,0.245545,0,0,0,48,6.912274,1.04234,12.76808,8.1385,-0.00353,0.251254,0,0
75056,6.603253,-0.634267,-0.067024,1.372146,-0.336362,0.240294,0.245711,0,0,0,48,6.908639,1.04234,12.77176,8.1385,0.048034,0.288328,0,0
75076,6.544253,1.350466,-0.258041,1.367544,-0.495706,0.243752,0.245505,0,0,0,48,6.905337,1.04234,12.77231,8.1385,0.125977,0.369729,0,0
75098,6.531544,1.823749,-0.232992,1.362175,-0.560373,0.213627,0.237976,0,0,0,48,6.901716,1.04234,12.77874,8.1385,0.173373,0.387,0,0
75119,6.546165,2.800848,-0.44533,1.354505,-0.719759,0.17121,0.221208,0,0,0,48,6.898445,1.04234,12.79084,8.1385,0.274274,0.445484,0,0
75140,6.567462,3.86955,-0.315058,1.348369,-0.611259,0.078579,0.182317,0,0,0,48,6.895203,1.04234,12.8045,8.1385,0.26634,0.344919,0,0
75160,6.571267,6.709245,-0.328324,1.340699,-0.494408,-0.018511,0.121257,0,0,0,48,6.891995,1.04234,12.81258,8.1385,0.25646,0.237948,0,0
75182,6.669111,7.594741,-0.496425,1.329961,-0.472987,-0.169858,0.026094,0,0,0,48,6.888517,1.04234,12.81906,8.1385,0.321423,0.151565,0,0
75202,6.799983,8.663444,-0.56006,1.319991,-0.28399,-0.305422,-0.081989,0,0,0,48,6.88541,1.04234,12.83275,8.1385,0.294706,-0.010716,0,0
75222,7.025394,4.25123,-0.433644,1.311554,-0.164508,-0.340528,-0.178775,0,0,0,48,6.882363,1.04234,12.84155,8.1385,0.252518,-0.08801,0,0
75245,7.192937,-5.092282,-0.100471,1.309253,-0.245833,-0.288391,-0.239615,0,0,0,48,6.879087,1.04234,12.83692,8.1385,0.267112,-0.021279,0,0
75265,7.015711,-4.420526,0.166086,1.312321,-0.158465,-0.246551,-0.246629,0,0,0,48,6.876167,1.04234,12.83598,8.1385,0.202508,-0.044043,0,0
75287,6.826891,0.022222,0.004107,1.312321,-0.164755,-0.234569,-0.245029,0,0,0,48,6.872999,1.04234,12.85013,8.1385,0.199662,-0.034907,0,0
75307,6.830332,-0.771671,0.000143,1.312321,-0.183303,-0.240331,-0.243463,0,0,0,48,6.870154,1.04234,12.84895,8.1385,0.211817,-0.028514,0,0
75329,6.825781,-0.664801,-0.028448,1.311554,-0.186954,-0.231051,-0.240901,0,0,0,48,6.867337,1.04234,12.82888,8.1385,0.209003,-0.022049,0,0
75351,6.816754,-0.985412,0.066689,1.312321,-0.127583,-0.24603,-0.244277,0,0,0,48,6.864264,1.04234,12.81671,8.1385,0.186807,-0.059224,0,0
75371,6.768608,-0.160984,0.002331,1.312321,-0.157085,-0.25164,-0.248054,0,0,0,48,6.861488,1.04234,12.82229,8.1385,0.204362,-0.047277,0,0
75393,6.763216,0.190161,5.8e-05,1.312321,-0.121917,-0.24433,-0.248683,0,0,0,48,6.858451,1.04234,12.82463,8.1385,0.183123,-0.061207,0,0
75411,6.779547,-0.374725,3.42157e-06,1.312321,-0.123223,-0.241992,-0.246346,0,0,0,48,6.856251,1.04234,12.81903,8.1385,0.182607,-0.059385,0,0
75433,6.785424,0.449703,0.162521,1.313855,0.080424,-0.258558,-0.249476,0,0,0,48,6.853235,1.04234,12.80827,8.1385,0.089067,-0.169491,0,0
75453,6.810792,-0.817473,0.224875,1.315389,0.105951,-0.273481,-0.254628,0,0,0,48,6.8505,1.04234,12.80724,8.1385,0.083765,-0.189716,0,0
75475,6.783187,0.235963,0.03745,1.316156,0.049665,-0.28272,-0.263867,0,0,0,48,6.847494,1.04234,12.81384,8.1385,0.116527,-0.166192,0,0
75495,6.785452,-0.680068,0.120404,1.318457,0.093644,-0.288025,-0.272225,0,0,0,48,6.845031,1.04234,12.81589,8.1385,0.09719,-0.190834,0,0
75517,6.780461,0.480237,0.088205,1.319991,0.180095,-0.295981,-0.282014,0,0,0,48,6.842017,1.04234,12.81205,8.1385,0.057943,-0.238038,0,0
75537,6.813077,-0.466328,0.120426,1.321525,0.2216,-0.293805,-0.284723,0,0,0,48,6.839269,1.04234,12.81114,8.1385,0.036102,-0.257702,0,0
75560,6.847016,-1.275488,0.123936,1.323825,0.268558,-0.289729,-0.290418,0,0,0,48,6.836236,1.04234,12.81478,8.1385,0.010585,-0.279143,0,0
75581,6.84859,-2.512129,0.067862,1.326126,0.202252,-0.29581,-0.291614,0,0,0,48,6.833468,1.04234,12.81205,8.1385,0.046779,-0.249031,0,0
75601,6.775746,-1.015946,0.072521,1.329194,0.260426,-0.281939,-0.290567,0,0,0,48,6.830686,1.04234,12.80163,8.1385,0.010756,-0.271183,0,0
75623,6.760502,-0.634267,0.165411,1.332262,0.375645,-0.276216,-0.286066,0,0,0,48,6.827606,1.04234,12.7878,8.1385,-0.049715,-0.325931,0,0
75644,6.759579,-0.588465,0.020416,1.333029,0.306579,-0.257581,-0.276591,0,0,0,48,6.824788,1.04234,12.78059,8.1385,-0.024499,-0.28208,0,0
75665,6.80022,-1.214419,0.134301,1.33533,0.429635,-0.241965,-0.264639,0,0,0,48,6.821669,1.04234,12.77319,8.1385,-0.093835,-0.3358,0,0
75685,6.799034,-2.069381,0.128266,1.337631,0.405228,-0.243789,-0.254859,0,0,0,48,6.818815,1.04234,12.76353,8.1385,-0.08072,-0.324508,0,0
75707,6.753993,-3.061748,0.059605,1.339932,0.271633,-0.207531,-0.239976,0,0,0,48,6.815654,1.04234,12.75189,8.1385,-0.032051,-0.239582,0,0
75727,6.689016,-2.084648,0.043481,1.342233,0.255883,-0.161538,-0.2178,0,0,0,48,6.812761,1.04234,12.74086,8.1385,-0.047172,-0.208711,0,0
75749,6.67415,-0.634267,0.02023,1.343,0.308974,-0.151511,-0.192505,0,0,0,48,6.809556,1.04234,12.73725,8.1385,-0.078732,-0.230242,0,0
75769,6.676469,-1.183885,0.000711,1.343,0.256898,-0.158372,-0.180435,0,0,0,48,6.806624,1.04234,12.73769,8.1385,-0.049263,-0.207635,0,0
75791,6.662021,-0.83274,1.8e-05,1.343,0.25128,-0.193473,-0.180727,0,0,0,48,6.803385,1.04234,12.73214,8.1385,-0.028903,-0.222377,0,0
75811,6.652799,-1.04648,6.185679e-07,1.343,0.211061,-0.188029,-0.18139,0,0,0,48,6.800428,1.04234,12.72317,8.1385,-0.011516,-0.199545,0,0
75833,6.613387,-0.924343,-0.062238,1.342233,0.103477,-0.17849,-0.181012,0,0,0,48,6.797165,1.04234,12.72777,8.1385,0.037507,-0.140984,0,0
75853,6.578953,-0.909076,-0.136433,1.340699,-0.023336,-0.171459,-0.178256,0,0,0,48,6.794193,1.04234,12.73941,8.1385,0.097397,-0.074062,0,0
75873,6.585093,-1.489228,-0.192553,1.339165,-0.134972,-0.180794,-0.17843,0,0,0,48,6.791217,1.04234,12.74738,8.1385,0.157883,-0.022911,0,0
75895,6.536886,-0.527396,-0.081145,1.337631,-0.113106,-0.191896,-0.182203,0,0,0,48,6.787945,1.04234,12.74944,8.1385,0.152501,-0.039395,0,0
75915,6.530531,-0.084648,-0.174719,1.334563,-0.212373,-0.215245,-0.19395,0,0,0,48,6.784976,1.04234,12.75808,8.1385,0.213809,-0.001436,0,0
75937,6.51465,0.968787,-0.123481,1.331495,-0.192025,-0.250683,-0.212288,0,0,0,48,6.781721,1.04234,12.78071,8.1385,0.221354,-0.029329,0,0
75957,6.52028,0.800848,-0.255812,1.326893,-0.347695,-0.261118,-0.22883,0,0,0,48,6.778775,1.04234,12.80254,8.1385,0.304406,0.043289,0,0
75978,6.5345,0.434436,-0.287102,1.322291,-0.440616,-0.253108,-0.240362,0,0,0,48,6.775848,1.04234,12.82422,8.1385,0.346862,0.093754,0,0
75998,6.54451,0.419169,-0.202918,1.319224,-0.429568,-0.230747,-0.241208,0,0,0,48,6.772944,1.04234,12.83568,8.1385,0.330158,0.09941,0,0
76020,6.524065,0.907718,-0.288797,1.314622,-0.547524,-0.208627,-0.234354,0,0,0,48,6.769779,1.04234,12.84963,8.1385,0.378075,0.169448,0,0
76040,6.535055,0.831382,-0.225886,1.310787,-0.558968,-0.194725,-0.219231,0,0,0,48,6.76693,1.04234,12.86399,8.1385,0.376847,0.182122,0,0
76060,6.528944,2.3581,-0.338782,1.305418,-0.605586,-0.166381,-0.201879,0,0,0,48,6.764112,1.04234,12.87452,8.1385,0.385984,0.219603,0,0
76083,6.592367,3.289398,-0.339863,1.298515,-0.526698,-0.130092,-0.176583,0,0,0,48,6.761053,1.04234,12.88017,8.1385,0.328395,0.198303,0,0
76102,6.668594,1.625275,-0.246389,1.293146,-0.508653,-0.104665,-0.151767,0,0,0,48,6.758588,1.04234,12.88602,8.1385,0.306659,0.201994,0,0
76124,6.735864,0.419169,-0.256468,1.28701,-0.538519,-0.081874,-0.125311,0,0,0,48,6.755624,1.04234,12.89499,8.1385,0.310196,0.228322,0,0
76145,6.734594,-1.244954,-0.1516,1.283175,-0.589951,-0.078703,-0.107483,0,0,0,48,6.752979,1.04234,12.90171,8.1385,0.334327,0.255624,0,0
76165,6.688082,-0.115183,-0.225326,1.27934,-0.646329,-0.08132,-0.098498,0,0,0,48,6.750376,1.04234,12.89726,8.1385,0.363825,0.282505,0,0
76186,6.659973,0.861917,-0.263069,1.274738,-0.669137,-0.079187,-0.09209,0,0,0,48,6.747818,1.04234,12.88889,8.1385,0.374162,0.294975,0,0
76208,6.671192,1.930619,-0.247923,1.269369,-0.604975,-0.079509,-0.086306,0,0,0,48,6.745054,1.04234,12.88755,8.1385,0.342242,0.262733,0,0
76228,6.711914,3.136726,-0.373886,1.261699,-0.590162,-0.07831,-0.084496,0,0,0,48,6.742588,1.04234,12.89192,8.1385,0.334236,0.255926,0,0
76249,6.776227,3.182528,-0.395488,1.254029,-0.51957,-0.100025,-0.0885,0,0,0,48,6.740175,1.04234,12.89507,8.1385,0.309797,0.209772,0,0
76271,6.834097,4.816115,-0.332585,1.245593,-0.276984,-0.117142,-0.094015,0,0,0,48,6.737584,1.04234,12.88532,8.1385,0.197063,0.079921,0,0
76292,6.95151,4.235962,-0.458338,1.235622,-0.212673,-0.082918,-0.090935,0,0,0,48,6.735295,1.04234,12.86917,8.1385,0.147796,0.064878,0,0
76311,7.069068,2.984054,-0.383454,1.227952,-0.035412,-0.018728,-0.074989,0,0,0,48,6.733292,1.04234,12.85489,8.1385,0.02707,0.008342,0,0
76331,7.219343,-2.13045,-0.205519,1.222583,0.027483,0.023632,-0.044232,0,0,0,48,6.731133,1.04234,12.84033,8.1385,-0.025558,-0.001925,0,0
76354,7.191623,-5.931976,-0.044463,1.220282,-0.039666,0.057021,-0.005347,0,0,0,48,6.728836,1.04234,12.81667,8.1385,-0.008678,0.048344,0,0
76374,7.066308,-6.283122,-0.094805,1.219515,-0.187008,0.02106,0.012432,0,0,0,48,6.726807,1.04234,12.79663,8.1385,0.082974,0.104034,0,0
76396,6.892573,-4.069381,-0.122897,1.218748,-0.241472,0.026354,0.016505,0,0,0,48,6.724825,1.04234,12.7868,8.1385,0.107559,0.133913,0,0
76417,6.766023,-1.077015,-0.33974,1.214146,-0.363642,0.065082,0.027141,0,0,0,48,6.722886,1.04234,12.78405,8.1385,0.14928,0.214362,0,0
76436,6.716448,2.14436,-0.360868,1.208777,-0.253611,0.091224,0.045344,0,0,0,48,6.721175,1.04234,12.79432,8.1385,0.081193,0.172417,0,0
76456,6.791577,2.984054,-0.449758,1.199573,-0.196018,0.115769,0.069279,0,0,0,48,6.719318,1.04234,12.81212,8.1385,0.040124,0.155894,0,0
76474,6.873722,2.938252,-0.458117,1.191136,-0.118572,0.11324,0.086902,0,0,0,48,6.717693,1.04234,12.82332,8.1385,0.002666,0.115906,0,0
76497,6.969677,0.602375,-0.376762,1.181165,-0.092775,0.092598,0.093131,0,0,0,48,6.715774,1.04234,12.82551,8.1385,8.8e-05,0.092687,0,0
76517,7.024678,0.037489,-0.450681,1.171961,-0.106399,0.050805,0.081261,0,0,0,48,6.714099,1.04234,12.82206,8.1385,0.027797,0.078602,0,0
76537,7.064112,-0.206786,-0.394564,1.163525,-0.022215,-0.012881,0.054827,0,0,0,48,6.712495,1.04234,12.81936,8.1385,0.017548,0.004667,0,0
76557,7.119943,-2.557931,-0.492688,1.154321,-0.159503,-0.053513,0.022133,0,0,0,48,6.710963,1.04234,12.82558,8.1385,0.106508,0.052995,0,0
76575,7.1472,-4.374724,-0.338999,1.148185,-0.133837,-0.089264,-0.013007,0,0,0,48,6.709648,1.04234,12.83136,8.1385,0.11155,0.022286,0,0
76597,7.059528,-5.886175,-0.338498,1.140515,-0.352877,-0.103236,-0.048353,0,0,0,48,6.708124,1.04234,12.83782,8.1385,0.228057,0.12482,0,0
76619,6.924957,-4.252587,-0.375944,1.132078,-0.494208,-0.123865,-0.072646,0,0,0,48,6.706688,1.04234,12.85404,8.1385,0.309036,0.185171,0,0
76640,6.812524,-1.489228,-0.595069,1.120573,-0.692657,-0.148528,-0.096087,0,0,0,48,6.705462,1.04234,12.88581,8.1385,0.420592,0.272064,0,0
76660,6.720905,4.113825,-0.860896,1.104466,-0.742928,-0.244792,-0.138611,0,0,0,48,6.704324,1.04234,12.92215,8.1385,0.49386,0.249068,0,0
76682,6.710159,10.29703,-1.206893,1.08069,-0.712506,-0.29339,-0.200034,0,0,0,48,6.703185,1.04234,12.95055,8.1385,0.502948,0.209558,0,0
76702,6.958837,9.701612,-1.314389,1.056146,-0.606761,-0.16477,-0.212482,0,0,0,48,6.702276,1.04234,12.95979,8.1385,0.385765,0.220995,0,0
76724,7.371296,-0.664801,-0.946929,1.033136,-0.572198,0.021655,-0.14392,0,0,0,48,6.701441,1.04234,12.97059,8.1385,0.275271,0.296926,0,0
76743,7.425291,-6.634266,-0.603212,1.020864,-0.662117,0.157843,-0.052923,0,0,0,48,6.700898,1.04234,12.9811,8.1385,0.252137,0.40998,0,0
76763,7.156928,-5.504496,-0.573167,1.008592,-0.921185,0.250571,0.05324,0,0,0,48,6.700442,1.04234,12.97303,8.1385,0.335307,0.585878,0,0
76783,6.910554,2.449703,-0.849247,0.992486,-0.983166,0.229205,0.125921,0,0,0,48,6.700134,1.04234,12.94603,8.1385,0.37698,0.606186,0,0
76803,6.949826,6.739779,-1.161321,0.970243,-0.985644,0.124298,0.145593,0,0,0,48,6.699976,1.04234,12.93515,8.1385,0.430673,0.554971,0,0
76825,7.011992,13.18253,-1.389859,0.941097,-0.739419,-0.062682,0.092354,0,0,0,48,6.699992,1.04234,12.95909,8.1385,0.40105,0.338369,0,0
76846,7.257745,18.00695,-1.621804,0.90735,-0.30878,-0.162184,0.004455,0,0,0,48,6.700201,1.04234,12.99403,8.1385,0.235482,0.073298,0,0
76867,7.858029,2.281764,-1.251593,0.877437,-0.278984,-0.0346,-0.036511,0,0,0,48,6.700672,1.04234,13.00664,8.1385,0.156792,0.122192,0,0
76887,7.954062,-9.565564,-0.629591,0.862097,-0.397726,0.148034,0.007497,0,0,0,48,6.701332,1.04234,12.99168,8.13056,0.124846,0.27288,0,0
76908,7.620955,-11.7793,-0.412705,0.85366,-0.721851,0.268456,0.096775,0,0,0,48,6.702207,1.04234,12.97404,8.13056,0.226697,0.495153,0,0
76930,7.111314,-4.55793,-0.600751,0.843689,-1.022369,0.304836,0.180788,0,0,0,48,6.703379,1.04234,12.9673,8.13056,0.358767,0.663602,0,0
76949,6.840125,5.564207,-0.795376,0.829884,-0.910812,0.318703,0.228854,0,0,0,48,6.70449,1.04234,12.97169,8.13056,0.296054,0.614758,0,0
76970,6.840071,15.97642,-1.271725,0.803039,-0.672868,0.31209,0.264988,0,0,0,48,6.706033,1.04234,12.97639,8.13056,0.180389,0.492479,0,0
76990,7.15414,22.43443,-1.600631,0.770825,-0.132024,0.247153,0.26967,0,0,0,48,6.707627,1.04234,12.98008,8.13056,-0.057564,0.189588,0,0
77011,7.854485,10.20543,-1.388551,0.739379,0.151442,0.195529,0.247359,0,0,0,48,6.70944,1.04234,12.9737,8.13056,-0.173485,0.022044,0,0
77031,8.259657,-3.580832,-0.707959,0.722505,0.402356,0.13905,0.215918,0,0,0,48,6.711475,1.04234,12.94999,8.13056,-0.270703,-0.131653,0,0
77051,8.313868,-15.19915,-0.137032,0.717136,0.322389,0.082692,0.170552,0,0,0,48,6.71372,1.04234,12.9247,8.13056,-0.20254,-0.119848,0,0
77074,7.83006,-16.60373,0.086725,0.71867,-0.026392,0.076707,0.129147,0,0,0,48,6.716404,1.04234,12.90327,8.13056,-0.025157,0.05155,0,0
77096,7.3108,-8.328923,-0.09365,0.717136,-0.201661,0.102978,0.115724,0,0,0,48,6.719261,1.04234,12.91677,8.13056,0.049342,0.15232,0,0
77117,7.01948,0.220695,-0.465527,0.708699,-0.302816,0.097249,0.109384,0,0,0,48,6.721989,1.04234,12.96661,8.13056,0.102783,0.200032,0,0
77137,6.924942,9.197795,-0.868916,0.692592,-0.186139,0.072891,0.100293,0,0,0,48,6.72483,1.04234,13.02895,8.13056,0.056624,0.129515,0,0
77157,7.1737,7.258863,-0.994668,0.673418,-0.147363,0.080503,0.090195,0,0,0,48,6.727795,1.04234,13.07076,8.13056,0.03343,0.113933,0,0
77179,7.442333,1.793214,-0.681389,0.657311,0.028646,0.051203,0.078606,0,0,0,48,6.730903,1.04234,13.07881,8.13056,-0.039925,0.011279,0,0
77201,7.614944,-7.382358,-0.298908,0.648874,-0.060481,0.039216,0.062344,0,0,0,48,6.734478,1.04234,13.07331,8.13056,0.010632,0.049848,0,0
77221,7.490929,-10.619,-0.217652,0.645806,-0.345733,0.036934,0.050901,0,0,0,48,6.737857,1.04234,13.08316,8.13056,0.154399,0.191333,0,0
77242,7.233976,-7.519763,-0.099361,0.644272,-0.397871,0.047477,0.046787,0,0,0,48,6.741342,1.04234,13.10904,8.13056,0.175197,0.222674,0,0
77261,6.992136,-0.680068,-0.299045,0.638136,-0.457707,0.070203,0.050582,0,0,0,48,6.744917,1.04234,13.14596,8.13056,0.193752,0.263955,0,0
77282,6.931345,4.602375,-0.650309,0.625864,-0.527526,0.038395,0.05053,0,0,0,48,6.74858,1.04234,13.18645,8.13056,0.244566,0.282961,0,0
77301,7.097407,3.808482,-0.647389,0.612058,-0.469119,-0.064742,0.02434,0,0,0,48,6.752337,1.04234,13.22742,8.13056,0.26693,0.202188,0,0
77322,7.297146,-0.664801,-0.520146,0.599019,-0.495025,-0.182503,-0.03907,0,0,0,48,6.756195,1.04234,13.273,8.13056,0.338764,0.156261,0,0
77341,7.343601,-4.435793,-0.30499,0.591349,-0.573479,-0.271732,-0.116696,0,0,0,48,6.759765,1.04234,13.3039,8.13056,0.422606,0.150873,0,0
77363,7.232551,-3.244954,-0.41453,0.582146,-0.770951,-0.309124,-0.195004,0,0,0,48,6.764239,1.04234,13.32433,8.13056,0.540038,0.230913,0,0
77383,7.100249,0.95352,-0.582846,0.572175,-0.848872,-0.309604,-0.243729,0,0,0,48,6.768407,1.04234,13.34669,8.13056,0.579238,0.269634,0,0
77405,7.027036,8.709245,-0.811372,0.555301,-0.685662,-0.223576,-0.252357,0,0,0,48,6.773108,1.04234,13.3889,8.13056,0.454619,0.231043,0,0
77425,7.196502,11.85428,-1.045756,0.534592,-0.494669,-0.048362,-0.206609,0,0,0,48,6.777499,1.04234,13.42612,8.13056,0.271516,0.223153,0,0
77445,7.524965,6.816115,-0.943069,0.514651,-0.358127,0.120226,-0.106417,0,0,0,48,6.782017,1.04234,13.4446,8.13056,0.118951,0.239177,0,0
77467,7.799563,-1.290755,-0.618794,0.499311,-0.27139,0.190651,0.007977,0,0,0,48,6.787147,1.04234,13.44359,8.13056,0.04037,0.231021,0,0
77486,7.82157,-7.015946,-0.352529,0.491641,-0.369555,0.187376,0.077374,0,0,0,48,6.791475,1.04234,13.42741,8.13056,0.09109,0.278465,0,0
77507,7.629607,-8.02358,-0.215845,0.487039,-0.52994,0.127615,0.107994,0,0,0,48,6.796409,1.04234,13.39508,8.13056,0.201163,0.328777,0,0
77529,7.359624,-4.695335,-0.376677,0.48167,-0.765153,0.098101,0.106572,0,0,0,48,6.801966,1.04234,13.36739,8.13056,0.333526,0.431627,0,0
77546,7.188821,0.449703,-0.439763,0.475534,-0.729453,0.061552,0.095061,0,0,0,48,6.806083,1.04234,13.37304,8.13056,0.333951,0.395502,0,0
77569,7.237336,3.625276,-0.644164,0.460961,-0.698022,-0.075989,0.045459,0,0,0,48,6.811858,1.04234,13.42179,8.13056,0.387006,0.311016,0,0
77591,7.328564,3.426802,-0.718516,0.445621,-0.714348,-0.258938,-0.048941,0,0,0,48,6.817758,1.04234,13.46514,8.13056,0.486643,0.227705,0,0
77611,7.398138,3.961154,-0.606493,0.432582,-0.54671,-0.434777,-0.171039,0,0,0,48,6.823238,1.04234,13.47561,8.13056,0.490743,0.055966,0,0
77633,7.477005,3.258863,-0.792612,0.416476,-0.641974,-0.47339,-0.29698,0,0,0,48,6.829398,1.04234,13.46382,8.13056,0.557682,0.084292,0,0
77654,7.577864,-1.031213,-0.507542,0.406505,-0.594351,-0.343183,-0.34204,0,0,0,48,6.835123,1.04234,13.46138,8.13056,0.468767,0.125584,0,0
77674,7.520784,-4.405259,-0.255284,0.399602,-0.7043,-0.12276,-0.288946,0,0,0,48,6.840967,1.04234,13.47585,8.13056,0.41353,0.29077,0,0
77694,7.360779,-1.764037,-0.329505,0.392699,-0.80726,0.067294,-0.177059,0,0,0,48,6.84692,1.04234,13.4997,8.13056,0.369983,0.437277,0,0
77716,7.234588,2.922986,-0.522048,0.382728,-0.842686,0.236467,-0.035978,0,0,0,48,6.853581,1.04234,13.49748,8.13056,0.30311,0.539576,0,0
77737,7.234733,7.16726,-0.685014,0.370456,-0.733507,0.395865,0.103267,0,0,0,48,6.859741,1.04234,13.46262,8.13056,0.168821,0.564686,0,0
77758,7.423198,9.319932,-0.754671,0.35435,-0.435808,0.614381,0.277204,0,0,0,48,6.866636,1.04234,13.42913,8.13056,-0.089287,0.525095,0,0
77778,7.733851,6.052756,-0.693678,0.339777,-0.192859,0.743519,0.439929,0,0,0,48,6.873023,1.04234,13.421,8.13056,-0.27533,0.468189,0,0
77798,8.017902,-2.771671,-0.327845,0.33134,-0.072588,0.756535,0.564701,0,0,0,48,6.879525,1.04234,13.40374,8.13056,-0.341973,0.414562,0,0
77820,7.953445,-10.46633,0.076088,0.33134,-0.240939,0.64693,0.621813,0,0,0,48,6.886804,1.04234,13.34085,8.13056,-0.202995,0.443935,0,0
77840,7.572335,-6.176251,0.079497,0.333641,-0.350866,0.555366,0.606586,0,0,0,48,6.893512,1.04234,13.25455,8.13056,-0.10225,0.453116,0,0
77862,7.369393,-1.672434,-0.16602,0.33134,-0.473486,0.537119,0.577956,0,0,0,48,6.90097,1.04234,13.18767,8.13056,-0.031816,0.505302,0,0
77882,7.329545,-0.542663,-0.160295,0.328272,-0.477395,0.577158,0.570362,0,0,0,48,6.907813,1.04234,13.18709,8.13056,-0.049881,0.527277,0,0
77904,7.314671,0.617642,-0.158808,0.32367,-0.457952,0.592468,0.578343,0,0,0,48,6.915403,1.04234,13.23016,8.13056,-0.067258,0.52521,0,0
77924,7.333648,0.617642,-0.191244,0.319068,-0.486521,0.577423,0.581619,0,0,0,48,6.922358,1.04234,13.24398,8.13056,-0.045451,0.531972,0,0
77946,7.367533,0.129092,-0.161445,0.315233,-0.480986,0.552947,0.573021,0,0,0,48,6.930068,1.04234,13.21324,8.13056,-0.035981,0.516966,0,0
77966,7.368156,0.220695,-0.10706,0.312165,-0.455163,0.552009,0.561702,0,0,0,48,6.937128,1.04234,13.18475,8.13056,-0.048423,0.503586,0,0
77988,7.394135,-0.45106,-0.166977,0.309097,-0.525366,0.528664,0.549959,0,0,0,48,6.944943,1.04234,13.19919,8.13056,-0.001649,0.527015,0,0
78009,7.375675,-0.328923,-0.073536,0.307563,-0.486954,0.528262,0.54284,0,0,0,48,6.952092,1.04234,13.24169,8.13056,-0.020654,0.507608,0,0
78029,7.362071,0.25123,-0.031084,0.306796,-0.441268,0.525521,0.534603,0,0,0,48,6.959277,1.04234,13.26109,8.13056,-0.042127,0.483395,0,0
78049,7.370726,-0.374725,-0.001058,0.306796,-0.453312,0.509805,0.526825,0,0,0,48,6.966492,1.04234,13.25372,8.13056,-0.028246,0.481559,0,0
78071,7.363499,-0.252587,0.031279,0.306796,-0.437827,0.522581,0.523113,0,0,0,48,6.974458,1.04234,13.25673,8.13056,-0.042377,0.480204,0,0
78091,7.375436,0.205428,0.012496,0.306796,-0.408749,0.528971,0.522785,0,0,0,48,6.981722,1.04234,13.28594,8.13056,-0.060111,0.46886,0,0
78111,7.38593,0.205428,0.000438,0.306796,-0.401445,0.523147,0.524901,0,0,0,48,6.989002,1.04234,13.31177,8.13056,-0.060851,0.462296,0,0
78133,7.379226,1.075657,1.1e-05,0.306796,-0.343078,0.512565,0.525311,0,0,0,48,6.997025,1.04234,13.3094,8.13056,-0.084743,0.427821,0,0
78153,7.438483,0.190161,0.137002,0.30833,-0.212511,0.516574,0.522602,0,0,0,48,7.004331,1.04234,13.28699,8.13056,-0.152032,0.364542,0,0
78174,7.435494,0.098558,0.085814,0.309864,-0.223331,0.502157,0.520399,0,0,0,48,7.011643,1.04234,13.2788,8.13056,-0.139413,0.362744,0,0
78197,7.460849,0.419169,0.04261,0.311398,-0.165677,0.512325,0.520185,0,0,0,48,7.019689,1.04234,13.29052,8.13056,-0.173324,0.339001,0,0
78217,7.462857,0.739779,0.118814,0.312932,-0.054927,0.523541,0.522241,0,0,0,48,7.027003,1.04234,13.28801,8.13056,-0.234307,0.289234,0,0
78239,7.514755,-0.054114,0.146512,0.315233,0.027337,0.544316,0.524695,0,0,0,48,7.035043,1.04234,13.26535,8.13056,-0.285827,0.258489,0,0
78260,7.542459,-0.954877,0.168069,0.318301,0.069562,0.532952,0.528599,0,0,0,48,7.042344,1.04234,13.24502,8.13056,-0.301257,0.231695,0,0
78278,7.545243,-1.6419,0.252581,0.322136,0.139694,0.540346,0.530497,0,0,0,48,7.048905,1.04234,13.24667,8.13056,-0.34002,0.200326,0,0
78301,7.521423,-0.405259,0.215464,0.325971,0.221999,0.529598,0.531962,0,0,0,48,7.056905,1.04234,13.25989,8.13056,-0.375798,0.153799,0,0
78320,7.510505,0.907718,0.221367,0.329039,0.349158,0.521101,0.527129,0,0,0,48,7.063433,1.04234,13.26249,8.13056,-0.435129,0.085971,0,0
78340,7.537641,-0.298389,0.10721,0.33134,0.282274,0.49882,0.517062,0,0,0,48,7.070665,1.04234,13.25959,8.13056,-0.390547,0.108273,0,0
78362,7.551734,0.144359,0.065212,0.333641,0.349065,0.484543,0.504617,0,0,0,48,7.078594,1.04234,13.25943,8.13056,-0.416804,0.067739,0,0
78381,7.620795,-1.015946,0.174354,0.336709,0.482191,0.461557,0.493845,0,0,0,48,7.085061,1.04234,13.27142,8.13056,-0.471874,-0.010317,0,0
78401,7.621141,-2.756404,0.250402,0.340544,0.480532,0.449657,0.480113,0,0,0,48,7.092223,1.04234,13.28722,8.13056,-0.465095,-0.015438,0,0
78423,7.605171,-3.53503,0.180562,0.345146,0.412314,0.420297,0.461745,0,0,0,48,7.10007,1.04234,13.29365,8.13056,-0.416305,0.003991,0,0
78443,7.524351,-2.909076,0.188539,0.349748,0.388345,0.393008,0.441784,0,0,0,48,7.107172,1.04234,13.28874,8.13056,-0.390676,0.002331,0,0
78463,7.480122,-1.809839,0.214242,0.353583,0.434302,0.391214,0.422892,0,0,0,48,7.114242,1.04234,13.29044,8.13056,-0.412758,-0.021544,0,0
78484,7.472543,-1.53503,0.051661,0.355117,0.321877,0.379253,0.406656,0,0,0,48,7.121279,1.04234,13.3052,8.13056,-0.350565,0.028688,0,0
78505,7.462136,-0.222053,0.007829,0.355884,0.346431,0.37922,0.395019,0,0,0,48,7.128284,1.04234,13.32033,8.13056,-0.362825,0.016394,0,0
78527,7.469244,-0.878541,0.000194,0.355884,0.288825,0.404943,0.393261,0,0,0,48,7.13596,1.04234,13.32058,8.13056,-0.346884,0.058059,0,0
78547,7.454273,-0.481595,-0.036876,0.355117,0.2399,0.417989,0.39959,0,0,0,48,7.142917,1.04234,13.31768,8.13056,-0.328945,0.089045,0,0
78565,7.452905,-0.664801,-0.030654,0.35435,0.195849,0.420925,0.40619,0,0,0,48,7.149166,1.04234,13.32331,8.13056,-0.308387,0.112538,0,0
78588,7.440421,-0.710602,-0.103879,0.352049,0.070682,0.448022,0.419241,0,0,0,48,7.156791,1.04234,13.33294,8.13056,-0.259352,0.18867,0,0
78609,7.411797,-0.34419,-0.147578,0.349748,-0.035015,0.475393,0.437452,0,0,0,48,7.164411,1.04234,13.33633,8.13056,-0.220189,0.255204,0,0
78629,7.373391,1.029856,-0.169046,0.34668,-0.076582,0.494058,0.455506,0,0,0,48,7.171337,1.04234,13.33533,8.13056,-0.208738,0.28532,0,0
78651,7.384346,1.518405,-0.241339,0.342078,-0.16323,0.51636,0.47964,0,0,0,48,7.178964,1.04234,13.33807,8.13056,-0.176565,0.339795,0,0
78671,7.392067,1.854283,-0.198781,0.337476,-0.178224,0.553468,0.502092,0,0,0,48,7.185911,1.04234,13.33445,8.13056,-0.187622,0.365846,0,0
78693,7.419742,1.090924,-0.180909,0.332107,-0.26446,0.572687,0.529249,0,0,0,48,7.193576,1.04234,13.32118,8.13056,-0.154113,0.418573,0,0
78714,7.402455,0.144359,-0.224452,0.327505,-0.455901,0.569735,0.550115,0,0,0,48,7.200572,1.04234,13.30345,8.13056,-0.056917,0.512818,0,0
78734,7.367178,1.27413,-0.205877,0.32367,-0.497054,0.581561,0.564383,0,0,0,48,7.207596,1.04234,13.28454,8.13056,-0.042253,0.539308,0,0
78757,7.34458,2.892451,-0.177653,0.319068,-0.496333,0.590092,0.572915,0,0,0,48,7.215357,1.04234,13.27435,8.13056,-0.04688,0.543213,0,0
78777,7.346663,4.281764,-0.275392,0.312932,-0.558154,0.579507,0.575765,0,0,0,48,7.222449,1.04234,13.27519,8.13056,-0.010676,0.568831,0,0
78797,7.404614,5.106192,-0.226152,0.307563,-0.468088,0.547394,0.566858,0,0,0,48,7.229579,1.04234,13.27229,8.13056,-0.039653,0.507741,0,0
78819,7.473647,5.381001,-0.307816,0.30066,-0.475177,0.502582,0.545863,0,0,0,48,7.23747,1.04234,13.26591,8.13056,-0.013703,0.48888,0,0
78839,7.584641,4.877184,-0.235607,0.296058,-0.342104,0.461339,0.520497,0,0,0,48,7.24469,1.04234,13.26074,8.13056,-0.059617,0.401722,0,0
78861,7.685593,2.434436,-0.071196,0.29299,-0.252022,0.440833,0.488998,0,0,0,48,7.251958,1.04234,13.25816,8.13056,-0.094405,0.346428,0,0
78881,7.766763,-0.313656,-0.007794,0.292223,-0.256383,0.415375,0.464151,0,0,0,48,7.259267,1.04234,13.25944,8.13056,-0.079496,0.335879,0,0
78904,7.713578,0.159627,0.192599,0.294524,-0.102048,0.432947,0.4518,0,0,0,48,7.267347,1.04234,13.26299,8.13056,-0.165449,0.267498,0,0
78924,7.659482,1.640543,0.123911,0.296058,-0.070078,0.45039,0.452143,0,0,0,48,7.274719,1.04234,13.26847,8.0194,-0.190156,0.260234,0,0
78944,7.704021,0.999321,0.061363,0.297592,-0.057077,0.462337,0.453709,0,0,0,48,7.282107,1.04234,13.2729,8.0194,-0.20263,0.259707,0,0
78966,7.786947,0.083291,0.085076,0.30066,0.059916,0.463724,0.457539,0,0,0,48,7.290245,1.04234,13.2736,8.0194,-0.26182,0.201904,0,0
78986,7.821782,-1.718236,0.27895,0.306029,0.187478,0.487397,0.464113,0,0,0,48,7.297645,1.04234,13.26729,8.0194,-0.337438,0.14996,0,0
79007,7.806785,-2.191518,0.261326,0.312165,0.204334,0.488202,0.472856,0,0,0,48,7.305037,1.04234,13.25366,8.0194,-0.346268,0.141934,0,0
79027,7.75954,-2.893808,0.350089,0.319835,0.234476,0.531631,0.487583,0,0,0,48,7.312409,1.04234,13.24606,8.0194,-0.383053,0.148577,0,0
79047,7.702469,-1.825106,0.322417,0.326738,0.271355,0.545533,0.505149,0,0,0,48,7.319754,1.04234,13.23719,8.0194,-0.408444,0.137089,0,0
79068,7.698856,-0.817473,0.284224,0.333641,0.359376,0.546307,0.521191,0,0,0,48,7.327061,1.04234,13.23374,8.0194,-0.452842,0.093465,0,0
79086,7.702387,-0.664801,0.395927,0.339777,0.497445,0.522465,0.52544,0,0,0,48,7.333602,1.04234,13.22842,8.0194,-0.509955,0.01251,0,0
79108,7.754408,-1.107549,0.34235,0.345913,0.543202,0.492859,0.51843,0,0,0,48,7.341548,1.04234,13.21873,8.0194,-0.518031,-0.025171,0,0
79128,7.787264,-3.122816,0.371718,0.352816,0.521048,0.455372,0.504148,0,0,0,48,7.348722,1.04234,13.21533,8.0194,-0.48821,-0.032838,0,0
79150,7.769004,-5.53503,0.401396,0.36202,0.405615,0.402346,0.474329,0,0,0,48,7.356554,1.04234,13.21699,8.0194,-0.40398,-0.001634,0,0
79170,7.687723,-6.374724,0.535271,0.37199,0.367376,0.286263,0.419925,0,0,0,48,7.363611,1.04234,13.22696,8.0194,-0.32682,-0.040556,0,0
79192,7.520556,-3.092282,0.419953,0.380427,0.279482,0.11394,0.322717,0,0,0,48,7.3713,1.04234,13.24429,8.0194,-0.196711,-0.082771,0,0
79212,7.438756,0.159627,0.140165,0.384262,0.154817,0.019842,0.217016,0,0,0,48,7.37822,1.04234,13.26683,8.0194,-0.08733,-0.067487,0,0
79234,7.480311,0.831382,0.087981,0.386563,0.150775,0.014267,0.129609,0,0,0,48,7.385762,1.04234,13.30676,8.0194,-0.082521,-0.068254,0,0
79255,7.506991,0.739779,0.090856,0.388097,0.122732,0.052859,0.095528,0,0,0,48,7.39256,1.04234,13.35108,8.0194,-0.087796,-0.034937,0,0
79276,7.535737,0.587108,-0.10327,0.38733,-0.040265,0.076366,0.087279,0,0,0,48,7.399311,1.04234,13.38674,8.0194,-0.01805,0.058315,0,0
79296,7.564219,1.213062,-0.116858,0.386563,-0.028055,0.111824,0.093425,0,0,0,48,7.406024,1.04234,13.40123,8.0194,-0.041885,0.06994,0,0
79317,7.631595,0.480237,-0.005578,0.386563,0.035126,0.120888,0.102489,0,0,0,48,7.412708,1.04234,13.39348,8.0194,-0.078007,0.042881,0,0
79337,7.648849,0.235963,-0.071271,0.385796,-0.050874,0.121936,0.109643,0,0,0,48,7.419369,1.04234,13.39123,8.0194,-0.035531,0.086405,0,0
79359,7.649263,-0.252587,-0.027891,0.385029,-0.097588,0.122285,0.114878,0,0,0,48,7.426677,1.04234,13.40616,8.0194,-0.012348,0.109936,0,0
79379,7.631894,0.770314,-0.051985,0.383495,-0.122114,0.148064,0.123558,0,0,0,48,7.433308,1.04234,13.42333,8.0194,-0.012975,0.135089,0,0
79398,7.648647,0.95352,-0.168788,0.381194,-0.220321,0.172802,0.138525,0,0,0,48,7.43927,1.04234,13.42731,8.0194,0.02376,0.196561,0,0
79421,7.625476,1.182527,-0.08633,0.378893,-0.239208,0.218498,0.166511,0,0,0,48,7.447217,1.04234,13.42817,8.0194,0.010355,0.228853,0,0
79441,7.651809,2.266497,-0.107304,0.375825,-0.210191,0.275484,0.199069,0,0,0,48,7.453843,1.04234,13.43259,8.0194,-0.032646,0.242838,0,0
79464,7.699673,1.76268,-0.203193,0.371223,-0.306415,0.331757,0.246793,0,0,0,48,7.461141,1.04234,13.43779,8.0194,-0.012671,0.319086,0,0
79484,7.699023,2.14436,-0.263471,0.367388,-0.363444,0.384805,0.293734,0,0,0,48,7.467791,1.04234,13.43368,8.0194,-0.01068,0.374124,0,0
79504,7.735655,3.106192,-0.223225,0.363554,-0.270004,0.454584,0.342139,0,0,0,48,7.474458,1.04234,13.41964,8.0194,-0.09229,0.362294,0,0
79527,7.7838,4.068024,-0.316932,0.357418,-0.251715,0.5295,0.407284,0,0,0,48,7.481819,1.04234,13.39952,8.0194,-0.138892,0.390607,0,0
79547,7.852029,2.922986,-0.236468,0.353583,-0.19288,0.596471,0.468759,0,0,0,48,7.488541,1.04234,13.38575,8.0194,-0.201795,0.394675,0,0
79569,7.9139,1.854283,-0.104353,0.350515,-0.094667,0.625674,0.527275,0,0,0,48,7.495969,1.04234,13.36419,8.0194,-0.265503,0.360171,0,0
79589,7.923937,0.022222,-0.086061,0.348981,-0.171749,0.616065,0.564078,0,0,0,48,7.502753,1.04234,13.33427,8.0194,-0.222158,0.393907,0,0
79607,7.887929,-0.13045,-0.004182,0.348981,-0.157499,0.598787,0.577945,0,0,0,48,7.508882,1.04234,13.30197,8.0194,-0.220644,0.378143,0,0
79630,7.857417,0.602375,-0.176786,0.347447,-0.270669,0.574314,0.57851,0,0,0,48,7.516398,1.04234,13.2604,8.0194,-0.151823,0.422491,0,0
79652,7.826113,1.396268,-0.009501,0.347447,-0.145472,0.57915,0.57785,0,0,0,48,7.523939,1.04234,13.23336,8.0194,-0.216839,0.362311,0,0
79672,7.851972,0.495504,-0.000332,0.347447,-0.166565,0.585114,0.581371,0,0,0,48,7.530811,1.04234,13.2188,8.0194,-0.209274,0.375839,0,0
79694,7.832536,1.457337,-8.240635e-06,0.347447,-0.131019,0.589066,0.584102,0,0,0,48,7.538386,1.04234,13.19934,8.0194,-0.229023,0.360043,0,0
79712,7.853798,1.304665,-4.036466e-07,0.347447,-0.113442,0.582078,0.582611,0,0,0,48,7.544594,1.04234,13.1822,8.0194,-0.234318,0.34776,0,0
79734,7.887809,1.625275,-1.066784e-08,0.347447,-0.0472,0.566504,0.578029,0,0,0,48,7.551501,1.04234,13.16662,8.0194,-0.259652,0.306852,0,0
79756,7.936303,0.678711,0.065285,0.348981,0.026624,0.554487,0.57395,0,0,0,48,7.559108,1.04234,13.16074,8.0194,-0.290555,0.263932,0,0
79777,7.949281,0.755046,0.043121,0.350515,0.061595,0.551017,0.564373,0,0,0,48,7.566027,1.04234,13.16137,8.0194,-0.306306,0.244711,0,0
79798,7.96417,1.518405,0.094091,0.352049,0.206321,0.525669,0.553071,0,0,0,48,7.572946,1.04234,13.16088,8.0194,-0.365995,0.159674,0,0
79816,8.014852,0.403901,0.02482,0.352816,0.183043,0.504728,0.540069,0,0,0,48,7.579169,1.04234,13.15573,8.0194,-0.343885,0.160843,0,0
79839,8.056863,0.129092,0.219339,0.356651,0.414231,0.474208,0.518099,0,0,0,48,7.586771,1.04234,13.15266,8.0194,-0.444219,0.029989,0,0
79859,8.110656,-2.83274,0.201522,0.360486,0.340354,0.404171,0.488978,0,0,0,48,7.59367,1.04234,13.15887,8.0194,-0.372262,0.031909,0,0
79881,8.068972,-3.015946,0.348837,0.367388,0.443707,0.314077,0.434914,0,0,0,48,7.601241,1.04234,13.16743,8.0194,-0.378892,-0.064815,0,0
79901,8.020271,-4.222053,0.285783,0.373524,0.31073,0.192101,0.359351,0,0,0,48,7.608097,1.04234,13.17279,8.0194,-0.251416,-0.059315,0,0
79920,7.880588,-1.794572,0.3307,0.37966,0.358082,0.083801,0.27731,0,0,0,48,7.614241,1.04234,13.17622,8.0194,-0.220941,-0.137141,0,0
79941,7.855812,-0.420526,0.236001,0.384262,0.353624,0.002562,0.176529,0,0,0,48,7.62171,1.04234,13.19536,8.0194,-0.178093,-0.175531,0,0
79961,7.853065,-0.054114,0.095286,0.386563,0.267357,-0.048941,0.096324,0,0,0,48,7.628461,1.04234,13.22772,8.0194,-0.109208,-0.158149,0,0
79984,7.888752,-0.527396,0.085919,0.390398,0.269231,-0.093629,0.022934,0,0,0,48,7.635844,1.04234,13.26958,8.0194,-0.087801,-0.18143,0,0
80004,7.871699,-1.061747,0.218187,0.395,0.305752,-0.16846,-0.03663,0,0,0,48,7.642517,1.04234,13.30098,8.0194,-0.068646,-0.237106,0,0
80024,7.833252,0.037489,0.214629,0.398835,0.320334,-0.212207,-0.097476,0,0,0,48,7.649153,1.04234,13.32295,8.0194,-0.054064,-0.26627,0,0
80044,7.830335,0.526039,0.24055,0.40267,0.351745,-0.285388,-0.159055,0,0,0,48,7.655752,1.04234,13.34303,8.0194,-0.033178,-0.318567,0,0
80066,7.804015,0.663443,0.176213,0.405738,0.268683,-0.32965,-0.221026,0,0,0,48,7.66297,1.04234,13.37149,8.0194,0.030484,-0.299166,0,0
80084,7.806737,0.510772,0.125984,0.408039,0.206992,-0.393523,-0.271464,0,0,0,48,7.668844,1.04234,13.39213,8.0194,0.093266,-0.300258,0,0
80106,7.805402,2.113825,0.13633,0.41034,0.288682,-0.421727,-0.324095,0,0,0,48,7.675338,1.04234,13.40516,8.0194,0.066522,-0.355204,0,0
80126,7.849711,1.258863,0.051428,0.411874,0.210474,-0.425761,-0.36355,0,0,0,48,7.681799,1.04234,13.41009,8.0194,0.107644,-0.318117,0,0
80147,7.889873,0.556573,0.158218,0.414942,0.282032,-0.454224,-0.398119,0,0,0,48,7.688229,1.04234,13.41525,8.0194,0.086096,-0.368128,0,0
80169,7.867977,1.075657,0.148723,0.417243,0.276883,-0.490547,-0.43261,0,0,0,48,7.695271,1.04234,13.42213,8.0194,0.106832,-0.383715,0,0
80189,7.885515,1.319932,0.082076,0.419544,0.269754,-0.516919,-0.461425,0,0,0,48,7.701643,1.04234,13.42391,8.0194,0.123582,-0.393336,0,0
80211,7.88704,1.732146,0.140036,0.422612,0.341649,-0.543806,-0.491976,0,0,0,48,7.708622,1.04234,13.41842,8.0194,0.101078,-0.442728,0,0
80231,7.925431,2.037489,0.157842,0.424913,0.426533,-0.550698,-0.512303,0,0,0,48,7.714939,1.04234,13.41786,8.0194,0.062082,-0.488615,0,0
80252,7.962763,1.258863,0.0497,0.426447,0.3628,-0.568642,-0.529636,0,0,0,48,7.72123,1.04234,13.41876,8.0194,0.102921,-0.465721,0,0
80274,8.027238,0.678711,0.169503,0.430282,0.516055,-0.552598,-0.542295,0,0,0,48,7.72812,1.04234,13.41503,8.0194,0.018271,-0.534327,0,0
80294,8.046077,-0.252587,0.28906,0.434883,0.599715,-0.548375,-0.549065,0,0,0,48,7.734356,1.04234,13.40375,8.0194,-0.02567,-0.574045,0,0
80315,8.02677,-0.542663,0.223584,0.439485,0.553049,-0.524258,-0.546932,0,0,0,48,7.740563,1.04234,13.3899,8.0194,-0.014396,-0.538653,0,0
80334,8.020011,-1.107549,0.264077,0.444854,0.570328,-0.47819,-0.528956,0,0,0,48,7.746118,1.04234,13.37877,8.0194,-0.046069,-0.524259,0,0
80354,8.015485,-1.107549,0.307632,0.450223,0.617633,-0.390059,-0.487847,0,0,0,48,7.752255,1.04234,13.36849,8.0194,-0.113787,-0.503846,0,0
80376,8.032847,-2.878541,0.398113,0.457126,0.607451,-0.27933,-0.422309,0,0,0,48,7.758961,1.04234,13.35436,8.0194,-0.164061,-0.44339,0,0
80396,7.996971,-5.000679,0.37327,0.464029,0.414011,-0.164725,-0.340682,0,0,0,48,7.765009,1.04234,13.33319,8.0194,-0.124643,-0.289368,0,0
80418,7.910812,-5.061748,0.428232,0.473233,0.321716,-0.013811,-0.228852,0,0,0,48,7.771606,1.04234,13.30874,8.0194,-0.153952,-0.167764,0,0
80438,7.804311,-3.290755,0.262694,0.480136,0.144261,0.067633,-0.128476,0,0,0,48,7.777544,1.04234,13.29142,8.0194,-0.105947,-0.038314,0,0
80460,7.633951,2.129092,0.091861,0.484738,0.096569,0.096959,-0.036249,0,0,0,48,7.784009,1.04234,13.28,8.0194,-0.096764,0.000195,0,0
80480,7.657343,5.319932,-0.069781,0.484738,0.144166,0.052021,0.007973,0,0,0,48,7.789829,1.04234,13.27308,8.0194,-0.098094,-0.046073,0,0
80501,7.863385,2.648176,-0.080394,0.483971,0.157359,0.001497,0.013632,0,0,0,48,7.795604,1.04234,13.26396,8.0194,-0.079428,-0.077931,0,0
80523,7.94128,1.976421,0.00181,0.484738,0.236074,-0.016078,0.002774,0,0,0,48,7.801915,1.04234,13.25377,8.0194,-0.109998,-0.126076,0,0
80543,7.99806,1.075657,0.056763,0.486272,0.287132,-0.011734,-0.002041,0,0,0,48,7.807621,1.04234,13.2496,8.0194,-0.137699,-0.149433,0,0
80565,8.030248,0.113825,0.129681,0.488573,0.318776,0.014783,0.00188,0,0,0,48,7.813867,1.04234,13.24906,8.0194,-0.166779,-0.151997,0,0
80587,8.046088,0.373367,0.105802,0.490874,0.350009,0.032047,0.011816,0,0,0,48,7.820081,1.04234,13.25189,8.0194,-0.191028,-0.158981,0,0
80607,8.0414,-0.160984,0.195069,0.493942,0.385457,0.02256,0.015764,0,0,0,48,7.825706,1.04234,13.24044,8.0194,-0.204008,-0.181449,0,0
80629,8.00759,1.045123,0.096738,0.496243,0.359998,0.018938,0.017638,0,0,0,48,7.831863,1.04234,13.21629,8.0194,-0.189468,-0.17053,0,0
80649,8.023657,0.709245,0.050463,0.498544,0.33226,0.010061,0.016089,0,0,0,48,7.837435,1.04234,13.20098,8.0194,-0.171161,-0.161099,0,0
80671,8.030725,0.892451,0.1347,0.501612,0.418507,0.003081,0.012163,0,0,0,48,7.843534,1.04234,13.19524,8.0194,-0.210794,-0.207713,0,0
80691,8.058521,-0.023579,0.124283,0.50468,0.397397,0.001839,0.008478,0,0,0,48,7.849053,1.04234,13.19081,8.0194,-0.199618,-0.197779,0,0
80711,8.042933,-0.512129,0.090655,0.507748,0.328645,-0.01171,0.003479,0,0,0,48,7.854545,1.04234,13.18358,8.0194,-0.158467,-0.170177,0,0
80731,8.040394,-0.83274,0.211317,0.51235,0.396863,-0.024648,-0.007017,0,0,0,48,7.860009,1.04234,13.17345,8.0194,-0.186107,-0.210755,0,0
80753,8.000043,0.083291,0.183291,0.516185,0.388134,-0.034957,-0.017325,0,0,0,48,7.865984,1.04234,13.1698,8.0194,-0.176589,-0.211545,0,0
80773,8.01972,0.235963,0.145822,0.519253,0.393255,-0.056444,-0.029652,0,0,0,48,7.871385,1.04234,13.17301,8.0194,-0.168405,-0.224849,0,0
80795,8.017843,0.006955,0.173368,0.523088,0.398918,-0.082538,-0.045975,0,0,0,48,7.877289,1.04234,13.1809,8.0194,-0.15819,-0.240728,0,0
80815,8.051665,-0.420526,0.166497,0.526155,0.40659,-0.103139,-0.062912,0,0,0,48,7.882624,1.04234,13.18542,8.0194,-0.151725,-0.254865,0,0
80835,8.028544,0.800848,0.281438,0.52999,0.542321,-0.10203,-0.077071,0,0,0,48,7.887926,1.04234,13.18749,8.0194,-0.220145,-0.322176,0,0
80857,8.080429,0.877184,0.090281,0.532291,0.47925,-0.110476,-0.091012,0,0,0,48,7.893722,1.04234,13.1906,8.0194,-0.184387,-0.294863,0,0
80879,8.092643,0.144359,0.068917,0.535359,0.442172,-0.138096,-0.108861,0,0,0,48,7.899481,1.04234,13.19525,8.0194,-0.152038,-0.290134,0,0
80899,8.110633,-0.145717,0.229598,0.539961,0.57264,-0.166423,-0.128028,0,0,0,48,7.904683,1.04234,13.19127,8.0194,-0.203109,-0.369532,0,0
80921,8.10729,-1.092282,0.169688,0.543796,0.477319,-0.213524,-0.153756,0,0,0,48,7.910368,1.04234,13.17879,8.0194,-0.131897,-0.345422,0,0
80938,8.116347,-1.336557,0.221588,0.547631,0.512942,-0.251979,-0.179997,0,0,0,48,7.914475,1.04234,13.17119,8.0194,-0.130481,-0.382461,0,0
80962,8.104583,-2.542664,0.223059,0.553,0.424224,-0.299291,-0.221813,0,0,0,48,7.920083,1.04234,13.16416,8.14247,-0.062466,-0.361758,0,0
80982,8.060294,-1.962511,0.185982,0.557602,0.369086,-0.351863,-0.263391,0,0,0,48,7.925141,1.04234,13.1661,8.14247,-0.008612,-0.360474,0,0
81002,8.007752,-1.260221,0.302768,0.562971,0.412843,-0.391213,-0.307627,0,0,0,48,7.93016,1.04234,13.16876,8.14247,-0.010815,-0.402028,0,0
81024,7.944648,0.403901,0.091445,0.565272,0.249488,-0.438284,-0.355309,0,0,0,48,7.935634,1.04234,13.17238,8.14247,0.094398,-0.343886,0,0
81044,7.943536,1.747413,0.115254,0.566806,0.303694,-0.436688,-0.387911,0,0,0,48,7.940572,1.04234,13.17733,8.14247,0.066497,-0.370191,0,0
81066,8.015423,1.304665,0.003033,0.566806,0.239253,-0.408248,-0.400387,0,0,0,48,7.945966,1.04234,13.18471,8.14247,0.084497,-0.32375,0,0
81084,8.033488,1.411535,0.000148,0.566806,0.235925,-0.384243,-0.398367,0,0,0,48,7.950356,1.04234,13.19127,8.14247,0.074159,-0.310084,0,0
81105,8.060573,1.335199,4.347277e-06,0.566806,0.233388,-0.38582,-0.392616,0,0,0,48,7.955211,1.04234,13.19033,8.14247,0.076216,-0.309604,0,0
81125,8.101798,0.724512,1.565486e-07,0.566806,0.219925,-0.397506,-0.392088,0,0,0,48,7.960048,1.04234,13.17921,8.14247,0.088791,-0.308715,0,0
81146,8.124931,0.739779,-0.10957,0.566039,0.14882,-0.39649,-0.391683,0,0,0,48,7.964871,1.04234,13.16126,8.14247,0.123835,-0.272655,0,0
81166,8.153475,0.190161,0.001419,0.566806,0.210207,-0.393426,-0.392894,0,0,0,48,7.969681,1.04234,13.14973,8.14247,0.09161,-0.301816,0,0
81186,8.140496,0.617642,5e-05,0.566806,0.204236,-0.391066,-0.392366,0,0,0,48,7.974482,1.04234,13.14524,8.14247,0.093415,-0.297651,0,0
81208,8.146858,0.449703,-0.032562,0.566039,0.157787,-0.385618,-0.391192,0,0,0,48,7.979753,1.04234,13.1393,8.14247,0.113915,-0.271702,0,0
81229,8.152676,0.434436,-0.005639,0.566039,0.161484,-0.378126,-0.387364,0,0,0,48,7.98454,1.04234,13.13079,8.14247,0.108321,-0.269805,0,0
81250,8.156012,0.220695,-0.000187,0.566039,0.138751,-0.380376,-0.386562,0,0,0,48,7.989322,1.04234,13.12547,8.14247,0.120813,-0.259564,0,0
81271,8.147127,0.617642,-0.055971,0.565272,0.086227,-0.383112,-0.386244,0,0,0,48,7.994578,1.04234,13.11962,8.14247,0.148443,-0.234669,0,0
81291,8.139891,1.335199,-0.007286,0.564505,0.134718,-0.367469,-0.382205,0,0,0,48,7.999356,1.04234,13.121,8.14247,0.116376,-0.251094,0,0
81312,8.154596,0.403901,0.059875,0.564505,0.117381,-0.369611,-0.377018,0,0,0,48,8.004133,1.04234,13.11608,8.14247,0.126115,-0.243496,0,0
81332,8.1681,1.06039,-0.090451,0.562971,0.04144,-0.360778,-0.372459,0,0,0,48,8.008911,1.04234,13.10776,8.14247,0.159669,-0.201109,0,0
81354,8.205312,0.098558,-0.002246,0.562971,0.067561,-0.369589,-0.369057,0,0,0,48,8.014167,1.04234,13.09786,8.14247,0.151014,-0.218575,0,0
81374,8.152343,1.16726,0.04724,0.562971,0.08937,-0.366314,-0.367003,0,0,0,48,8.018954,1.04234,13.09229,8.14247,0.138472,-0.227842,0,0
81395,8.16724,0.922985,-0.006975,0.562204,0.0376,-0.365906,-0.365984,0,0,0,48,8.023742,1.04234,13.09243,8.14247,0.164153,-0.201753,0,0
81416,8.182364,1.396268,-0.000213,0.562204,0.07275,-0.346582,-0.361928,0,0,0,48,8.028529,1.04234,13.09351,8.14247,0.136916,-0.209666,0,0
81436,8.217635,0.831382,-7.384624e-06,0.562204,0.069545,-0.353566,-0.360973,0,0,0,48,8.033318,1.04234,13.09976,8.14247,0.142011,-0.211555,0,0
81459,8.230089,1.289398,-1.59559e-07,0.562204,0.107054,-0.365566,-0.36137,0,0,0,48,8.038594,1.04234,13.10631,8.14247,0.129256,-0.23631,0,0
81481,8.260056,0.968787,-3.957466e-09,0.562204,0.126459,-0.362898,-0.362976,0,0,0,48,8.043871,1.04234,13.1054,8.14247,0.118219,-0.244678,0,0
81500,8.274739,1.304665,-0.080028,0.562204,0.122083,-0.366649,-0.364285,0,0,0,48,8.048188,1.04234,13.10698,8.14247,0.122283,-0.244366,0,0
81523,8.309346,0.57184,0.116163,0.564505,0.279721,-0.386802,-0.36917,0,0,0,48,8.053465,1.04234,13.10786,8.14247,0.053541,-0.333261,0,0
81543,8.322634,0.709245,0.156474,0.566039,0.36254,-0.395433,-0.37658,0,0,0,48,8.058257,1.04234,13.10456,8.14247,0.016446,-0.378987,0,0
81565,8.351583,1.029856,0.044373,0.566806,0.372691,-0.411206,-0.388079,0,0,0,48,8.063523,1.04234,13.09496,8.14247,0.019257,-0.391949,0,0
81585,8.380243,-0.512129,0.180184,0.569874,0.445727,-0.432969,-0.402513,0,0,0,48,8.068303,1.04234,13.08848,8.14247,-0.006379,-0.439348,0,0
81606,8.372886,-1.611366,0.242185,0.573709,0.445908,-0.459737,-0.420121,0,0,0,48,8.073072,1.04234,13.08876,8.14247,0.006914,-0.452822,0,0
81628,8.331603,-2.634266,0.316291,0.579845,0.417099,-0.484793,-0.442734,0,0,0,48,8.0783,1.04234,13.09027,8.14247,0.033847,-0.450946,0,0
81648,8.206879,-0.710602,0.257155,0.584447,0.362388,-0.473853,-0.455,0,0,0,48,8.083028,1.04234,13.09307,8.14247,0.055732,-0.418121,0,0
81670,8.108059,2.556573,0.227473,0.588282,0.434047,-0.431673,-0.451293,0,0,0,48,8.088198,1.04234,13.09936,8.14247,-0.001187,-0.43286,0,0
81690,8.154374,3.457336,0.00973,0.588282,0.389014,-0.417955,-0.439407,0,0,0,48,8.092869,1.04234,13.10711,8.14247,0.014471,-0.403484,0,0
81710,8.294829,2.083291,0.013309,0.589049,0.481233,-0.423381,-0.430177,0,0,0,48,8.097515,1.04234,13.10854,8.14247,-0.028926,-0.452307,0,0
81732,8.372952,-0.771671,0.077943,0.592116,0.471677,-0.411429,-0.424942,0,0,0,48,8.102602,1.04234,13.09781,8.14247,-0.030124,-0.441553,0,0
81752,8.382483,-2.771671,0.234953,0.598252,0.507528,-0.385435,-0.415437,0,0,0,48,8.1072,1.04234,13.0816,8.14247,-0.061047,-0.446482,0,0
81774,8.283823,-3.657167,0.262598,0.605922,0.390864,-0.302033,-0.383333,0,0,0,48,8.112222,1.04234,13.06823,8.14247,-0.044416,-0.346449,0,0
81793,8.182113,-0.756404,0.384766,0.612825,0.547334,-0.229845,-0.336184,0,0,0,48,8.116296,1.04234,13.06686,8.14247,-0.158744,-0.38859,0,0
81815,8.137112,0.861917,0.16063,0.618194,0.450384,-0.149892,-0.266001,0,0,0,48,8.121227,1.04234,13.07077,8.14247,-0.150246,-0.300138,0,0
81835,8.123772,3.136726,0.158412,0.622029,0.579745,-0.132876,-0.215397,0,0,0,48,8.125663,1.04234,13.06839,8.14247,-0.223435,-0.35631,0,0
81856,8.188654,2.648176,0.14859,0.625864,0.638799,-0.137628,-0.182898,0,0,0,48,8.130054,1.04234,13.05053,8.14247,-0.250586,-0.388214,0,0
81878,8.267549,1.304665,0.248722,0.631233,0.746234,-0.134897,-0.163678,0,0,0,48,8.134837,1.04234,13.02171,8.14247,-0.305668,-0.440566,0,0
81896,8.335491,-1.397625,0.274313,0.636602,0.710867,-0.115046,-0.147491,0,0,0,48,8.13871,1.04234,12.99825,8.14247,-0.29791,-0.412956,0,0
81919,8.303613,-4.02358,0.367798,0.646573,0.622706,-0.068085,-0.121293,0,0,0,48,8.14339,1.04234,12.97373,8.14247,-0.277311,-0.345396,0,0
81939,8.20917,-2.115183,0.487972,0.656544,0.742778,-0.033816,-0.090078,0,0,0,48,8.147585,1.04234,12.95393,8.14247,-0.354481,-0.388297,0,0
81958,8.147395,-0.802205,0.504725,0.664981,0.781732,-0.014544,-0.064088,0,0,0,48,8.151307,1.04234,12.94403,8.14247,-0.383594,-0.398138,0,0
81980,8.092102,1.411535,0.341802,0.672651,0.755943,0.012341,-0.03415,0,0,0,48,8.15578,1.04234,12.93571,8.14247,-0.384142,-0.371801,0,0
82000,8.092193,1.808482,0.281779,0.678787,0.759723,0.02951,-0.013927,0,0,0,48,8.159776,1.04234,12.92662,8.14247,-0.394617,-0.365107,0,0
82022,8.158661,2.587108,0.257977,0.684155,0.891044,0.017095,-0.000693,0,0,0,48,8.163701,1.04234,12.91694,8.14247,-0.454069,-0.436974,0,0
82043,8.247503,1.533672,0.339465,0.690291,1.027873,-0.00413,-0.001766,0,0,0,48,8.167561,1.04234,12.90476,8.14247,-0.511872,-0.516002,0,0
82063,8.327935,-1.138083,0.412265,0.697961,1.060359,-0.051939,-0.012322,0,0,0,48,8.171356,1.04234,12.88784,8.14247,-0.50421,-0.556149,0,0
82083,8.30623,-3.580832,0.550564,0.707932,1.034939,-0.089426,-0.033932,0,0,0,48,8.175087,1.04234,12.86758,8.14247,-0.472756,-0.562182,0,0
82104,8.230935,-4.527396,0.632128,0.720204,0.988056,-0.138118,-0.066135,0,0,0,48,8.178743,1.04234,12.8524,8.14247,-0.424969,-0.563087,0,0
82125,8.16939,-6.466328,0.647198,0.733243,0.810917,-0.136474,-0.097469,0,0,0,48,8.182315,1.04234,12.8467,8.14247,-0.337222,-0.473696,0,0
82145,8.004283,-6.72587,0.71732,0.747049,0.624852,-0.078572,-0.101857,0,0,0,48,8.1858,1.04234,12.84673,8.14247,-0.27314,-0.351712,0,0
82167,7.83056,-4.008312,0.661984,0.761621,0.486667,0.021654,-0.065142,0,0,0,48,8.189516,1.04234,12.85807,8.14247,-0.254161,-0.232507,0,0
82187,7.656465,2.129092,0.480436,0.770825,0.461459,0.08258,-0.011545,0,0,0,48,8.192786,1.04234,12.88216,8.14247,-0.27202,-0.18944,0,0
82209,7.669104,7.442069,0.131987,0.77466,0.4859,0.081799,0.033476,0,0,0,48,8.196269,1.04234,12.90567,8.14247,-0.28385,-0.202051,0,0
82230,7.840606,8.480237,0.011935,0.775427,0.619241,0.070999,0.050157,0,0,0,48,8.199344,1.04234,12.90095,8.14247,-0.34512,-0.274121,0,0
82251,8.116446,4.495504,0.114939,0.777728,0.760928,0.054004,0.051482,0,0,0,48,8.202641,1.04234,12.88014,8.14247,-0.407466,-0.353462,0,0
82272,8.300658,-2.283122,0.366454,0.784631,0.756351,0.035173,0.046087,0,0,0,48,8.205572,1.04234,12.86302,8.14247,-0.395762,-0.360589,0,0
82292,8.264726,-7.519763,0.70032,0.798437,0.661525,-0.007152,0.031853,0,0,0,48,8.20843,1.04234,12.85221,8.14247,-0.327187,-0.334339,0,0
82315,8.086625,-11.01595,0.870312,0.817612,0.350339,0.003242,0.012324,0,0,0,48,8.211483,1.04234,12.83794,8.14247,-0.176791,-0.173549,0,0
82336,7.705226,-8.695335,0.87111,0.83832,-0.012858,0.120293,0.035329,0,0,0,48,8.214145,1.04234,12.81661,8.14247,-0.053717,0.066575,0,0
82358,7.293699,4.938252,0.493483,0.852126,-0.019922,0.19374,0.093509,0,0,0,48,8.21694,1.04234,12.81349,8.14247,-0.086909,0.106831,0,0
82379,7.292047,14.87718,0.05878,0.854427,0.191411,0.181444,0.130068,0,0,0,48,8.219361,1.04234,12.8493,8.14247,-0.186428,-0.004984,0,0
82400,7.743192,12.86192,-0.041992,0.852126,0.449693,0.156479,0.144798,0,0,0,48,8.221914,1.04234,12.8899,8.14247,-0.303086,-0.146607,0,0
82420,8.116644,5.915352,0.108933,0.854427,0.576086,0.127571,0.143981,0,0,0,48,8.224156,1.04234,12.88354,8.14247,-0.351829,-0.224257,0,0
82442,8.367167,-3.74877,0.534278,0.865932,0.643356,0.066913,0.121185,0,0,0,48,8.226543,1.04234,12.84064,8.14247,-0.355134,-0.288222,0,0
82462,8.348922,-11.32129,0.997201,0.885107,0.547973,-0.062147,0.070904,0,0,0,48,8.228633,1.04234,12.81088,8.14247,-0.242913,-0.30506,0,0
82484,8.022571,-9.580832,1.045731,0.908884,0.359612,-0.205798,-0.020228,0,0,0,48,8.230818,1.04234,12.81529,8.14247,-0.076907,-0.282705,0,0
82505,7.680686,0.816115,0.755769,0.926524,0.414736,-0.329024,-0.125744,0,0,0,48,8.232673,1.04234,12.84389,8.14247,-0.042856,-0.37188,0,0
82525,7.658791,6.434436,0.407797,0.935728,0.486518,-0.404496,-0.223201,0,0,0,48,8.2344,1.04234,12.88285,8.14247,-0.041011,-0.445507,0,0
82547,7.918735,4.724512,0.387146,0.943398,0.670761,-0.4443,-0.309417,0,0,0,48,8.236162,1.04234,12.92987,8.14247,-0.11323,-0.55753,0,0
82567,8.161608,-1.321289,0.552752,0.952602,0.723488,-0.435131,-0.361316,0,0,0,48,8.237649,1.04234,12.95877,8.14247,-0.144179,-0.579309,0,0
82589,8.241563,-9.535029,0.891365,0.970243,0.592191,-0.338172,-0.372449,0,0,0,48,8.239157,1.04234,12.95664,8.14247,-0.127009,-0.465181,0,0
82609,8.108847,-14.26785,0.986141,0.990185,0.211274,-0.048576,-0.295982,0,0,0,48,8.240401,1.04234,12.93091,8.14247,-0.081349,-0.129925,0,0
82631,7.692373,-10.51213,0.977672,1.013194,-0.103338,0.152292,-0.134809,0,0,0,48,8.241615,1.04234,12.91155,8.14247,-0.024477,0.127815,0,0
82651,7.322669,1.243596,0.602155,1.027,-0.164031,0.148118,-0.018678,0,0,0,48,8.242563,1.04234,12.93918,8.14247,0.007956,0.156074,0,0
82672,7.21136,13.07566,0.063548,1.030068,-0.0399,0.060432,0.024323,0,0,0,48,8.243368,1.04234,12.97616,8.14247,-0.010266,0.050166,0,0
82692,7.594318,12.73978,-0.119569,1.027,0.170292,-0.013603,0.016242,0,0,0,48,8.244046,1.04234,12.97128,8.14247,-0.078344,-0.091947,0,0
82712,8.015277,5.06039,0.15232,1.028534,0.356422,-0.022785,0.005839,0,0,0,48,8.24463,1.04234,12.92985,8.14247,-0.166819,-0.189604,0,0
82734,8.23681,-0.588465,0.380526,1.035437,0.469777,-0.043658,-0.007706,0,0,0,48,8.245178,1.04234,12.9107,8.14247,-0.213059,-0.256717,0,0
82752,8.276578,-5.306022,0.588987,1.046175,0.432133,-0.112874,-0.037228,0,0,0,48,8.245555,1.04234,12.92454,8.14247,-0.159629,-0.272504,0,0
82773,8.046086,-3.382358,0.652262,1.059981,0.387328,-0.202237,-0.091171,0,0,0,48,8.245888,1.04234,12.92756,8.14247,-0.092546,-0.294783,0,0
82793,7.8626,1.457337,0.59043,1.070719,0.471115,-0.289893,-0.153789,0,0,0,48,8.24613,1.04234,12.90689,8.14247,-0.090611,-0.380504,0,0
82813,7.855962,5.533672,0.303784,1.076088,0.53276,-0.349427,-0.223093,0,0,0,48,8.246278,1.04234,12.89472,8.14247,-0.091667,-0.441093,0,0
82833,8.06654,3.686344,0.312388,1.08069,0.692892,-0.385143,-0.282626,0,0,0,48,8.246336,1.04234,12.91408,8.14247,-0.153875,-0.539017,0,0
82853,8.221538,-2.435793,0.341215,1.087592,0.567113,-0.435608,-0.333091,0,0,0,48,8.246314,1.04234,12.93853,8.14247,-0.065753,-0.50136,0,0
82875,8.189759,-5.15335,0.599942,1.100631,0.601258,-0.504604,-0.390484,0,0,0,48,8.246196,1.04234,12.92837,8.14247,-0.048327,-0.552931,0,0
82897,8.023744,-3.6419,0.592102,1.11367,0.529674,-0.506209,-0.440334,0,0,0,48,8.245974,1.04234,12.89254,8.14247,-0.011732,-0.517942,0,0
82918,7.882242,2.052756,0.23396,1.12134,0.488568,-0.390015,-0.440781,0,0,0,48,8.245673,1.04234,12.87176,8.14247,-0.049277,-0.439292,0,0
82938,7.928841,4.022222,0.241905,1.126709,0.689765,-0.299777,-0.401229,0,0,0,48,8.24528,1.04234,12.88249,8.14247,-0.194994,-0.494771,0,0
82958,8.078608,2.724512,0.152368,1.129777,0.746542,-0.265356,-0.351542,0,0,0,48,8.244805,1.04234,12.90481,8.14247,-0.240593,-0.505949,0,0
82980,8.199911,-1.275488,0.258994,1.135146,0.765406,-0.243024,-0.309667,0,0,0,48,8.244199,1.04234,12.88961,8.15835,-0.261191,-0.504215,0,0
83000,8.176012,-2.359457,0.333704,1.142816,0.772541,-0.218282,-0.279429,0,0,0,48,8.243574,1.04234,12.83649,8.15835,-0.277129,-0.495412,0,0
83020,8.122485,-2.160984,0.424302,1.151253,0.830287,-0.188533,-0.248459,0,0,0,48,8.242881,1.04234,12.79323,8.15835,-0.320877,-0.50941,0,0
83042,8.047755,-0.252587,0.337009,1.158922,0.841276,-0.158322,-0.215194,0,0,0,48,8.242033,1.04234,12.78623,8.15835,-0.341477,-0.499799,0,0
83062,8.014801,1.136726,0.243404,1.163524,0.84804,-0.16329,-0.193292,0,0,0,48,8.241189,1.04234,12.79348,8.15835,-0.342375,-0.505665,0,0
83084,8.004243,1.961153,0.233186,1.168126,0.909414,-0.172866,-0.183937,0,0,0,48,8.240182,1.04234,12.76554,8.15835,-0.368274,-0.54114,0,0
83105,8.041319,1.671077,0.287559,1.171961,0.994254,-0.183313,-0.182781,0,0,0,48,8.239201,1.04234,12.71245,8.15835,-0.405471,-0.588784,0,0
83126,8.133699,-0.084648,0.348381,1.176563,1.063972,-0.17373,-0.181747,0,0,0,48,8.23816,1.04234,12.6755,8.15835,-0.445121,-0.618851,0,0
83147,8.171273,-3.382358,0.291848,1.182699,0.894974,-0.151887,-0.173951,0,0,0,48,8.237062,1.04234,12.66387,8.15835,-0.371543,-0.523431,0,0
83166,8.111569,-5.412892,0.445717,1.191136,0.821804,-0.099241,-0.159167,0,0,0,48,8.236024,1.04234,12.64518,8.15835,-0.361281,-0.460523,0,0
83186,7.965278,-4.664801,0.427541,1.201107,0.685003,-0.063491,-0.127691,0,0,0,48,8.234808,1.04234,12.60056,8.15835,-0.310756,-0.374247,0,0
83206,7.805385,-1.107549,0.28183,1.20801,0.582277,-0.021345,-0.092874,0,0,0,48,8.233524,1.04234,12.55777,8.15835,-0.280466,-0.301811,0,0
83228,7.712778,4.052756,0.086265,1.211845,0.61119,-0.031378,-0.066266,0,0,0,48,8.232035,1.04234,12.53887,8.15835,-0.289906,-0.321284,0,0
83247,7.771547,5.823749,0.027256,1.212612,0.716751,-0.036198,-0.054597,0,0,0,48,8.23076,1.04234,12.53999,8.15835,-0.340276,-0.376475,0,0
83268,7.925704,4.220695,-0.058038,1.211845,0.716081,-0.061315,-0.052234,0,0,0,48,8.229147,1.04234,12.52594,8.15835,-0.327383,-0.388698,0,0
83287,8.014337,2.235962,0.08233,1.213379,0.801237,-0.069217,-0.054639,0,0,0,48,8.227789,1.04234,12.49652,8.15835,-0.36601,-0.435227,0,0
83310,8.133031,-1.122816,0.137571,1.216447,0.788367,-0.088197,-0.060794,0,0,0,48,8.226086,1.04234,12.46308,8.15835,-0.350085,-0.438282,0,0
83330,8.108737,-2.771671,0.345299,1.222583,0.820707,-0.111911,-0.073516,0,0,0,48,8.224499,1.04234,12.44819,8.15835,-0.354398,-0.466309,0,0
83352,8.030328,-3.458694,0.297975,1.229486,0.664754,-0.157364,-0.10126,0,0,0,48,8.222707,1.04234,12.44068,8.15835,-0.253695,-0.411059,0,0
83372,7.903772,-3.031213,0.410735,1.237156,0.611309,-0.225538,-0.138899,0,0,0,48,8.221029,1.04234,12.42443,8.15835,-0.192885,-0.418423,0,0
83393,7.821989,-1.244954,0.292772,1.242525,0.502899,-0.298046,-0.189423,0,0,0,48,8.219303,1.04234,12.40262,8.15835,-0.102426,-0.400473,0,0
83414,7.782165,-0.527396,0.187365,1.247126,0.382731,-0.319105,-0.236741,0,0,0,48,8.217525,1.04234,12.39812,8.15835,-0.031813,-0.350918,0,0
83434,7.722533,2.892451,0.168932,1.250194,0.465118,-0.344226,-0.276518,0,0,0,48,8.215696,1.04234,12.40806,8.15835,-0.060446,-0.404672,0,0
83456,7.763506,3.106192,0.06772,1.251728,0.414075,-0.347817,-0.304536,0,0,0,48,8.213634,1.04234,12.41493,8.15835,-0.033129,-0.380946,0,0
83477,7.830133,2.984054,0.048851,1.253262,0.442778,-0.344539,-0.322633,0,0,0,48,8.211715,1.04234,12.4092,8.15835,-0.049119,-0.393659,0,0
83497,7.911661,1.930619,0.137305,1.255563,0.525827,-0.34522,-0.332474,0,0,0,48,8.209958,1.04234,12.40668,8.15835,-0.090303,-0.435523,0,0
83517,7.968314,-0.664801,0.20914,1.260165,0.486264,-0.36182,-0.343578,0,0,0,48,8.207971,1.04234,12.40728,8.15835,-0.062222,-0.424042,0,0
83537,7.961596,-2.588465,0.361726,1.267068,0.468665,-0.345537,-0.348058,0,0,0,48,8.205947,1.04234,12.40926,8.15835,-0.061564,-0.407101,0,0
83559,7.869124,-3.916709,0.501085,1.277039,0.369574,-0.315784,-0.342122,0,0,0,48,8.203673,1.04234,12.41086,8.15835,-0.026895,-0.342678,0,0
83579,7.711529,-1.916709,0.439732,1.285476,0.247816,-0.280629,-0.323456,0,0,0,48,8.201552,1.04234,12.41621,8.15835,0.016407,-0.264222,0,0
83601,7.601119,2.052756,0.376724,1.293146,0.2852,-0.237289,-0.295382,0,0,0,48,8.199153,1.04234,12.43501,8.15835,-0.023956,-0.261244,0,0
83622,7.586435,5.65581,0.159195,1.296981,0.315549,-0.266728,-0.282074,0,0,0,48,8.196907,1.04234,12.45312,8.15835,-0.02441,-0.291139,0,0
83642,7.68,5.136726,0.219039,1.300816,0.434965,-0.306323,-0.284417,0,0,0,48,8.194607,1.04234,12.4579,8.15835,-0.064321,-0.370644,0,0
83664,7.837182,2.785581,0.338617,1.306185,0.581845,-0.317394,-0.293656,0,0,0,48,8.192018,1.04234,12.44914,8.15835,-0.132225,-0.449619,0,0
83684,7.944633,-0.084648,0.417457,1.313855,0.636488,-0.348744,-0.311571,0,0,0,48,8.189609,1.04234,12.43727,8.15835,-0.143872,-0.492616,0,0
83702,7.947516,-2.802206,0.618387,1.324592,0.674073,-0.336404,-0.323658,0,0,0,48,8.187391,1.04234,12.42643,8.15835,-0.168835,-0.505239,0,0
83725,7.847916,-3.04648,0.63932,1.339932,0.633615,-0.207474,-0.30282,0,0,0,48,8.184603,1.04234,12.40434,8.15835,-0.21307,-0.420544,0,0
83746,7.774491,-3.183885,0.708041,1.355272,0.64099,0.060079,-0.205648,0,0,0,48,8.181975,1.04234,12.36769,8.15835,-0.350534,-0.290455,0,0
83767,7.759171,-4.83274,0.736167,1.370612,0.566985,0.277493,-0.051746,0,0,0,48,8.179255,1.04234,12.33532,8.15835,-0.422239,-0.144746,0,0
83788,7.76773,-6.817472,0.86477,1.389787,0.555698,0.341475,0.107503,0,0,0,48,8.176142,1.04234,12.31369,8.15835,-0.448586,-0.107111,0,0
83806,7.709709,-8.145717,0.981996,1.406661,0.483374,0.295281,0.185279,0,0,0,48,8.173489,1.04234,12.29354,8.15835,-0.389328,-0.094047,0,0
83829,7.527549,-4.756404,0.859926,1.426602,0.375112,0.085816,0.182226,0,0,0,48,8.170095,1.04234,12.25426,8.15835,-0.230464,-0.144648,0,0
83849,7.437325,1.976421,0.443111,1.43734,0.366316,-0.146236,0.093074,0,0,0,48,8.166868,1.04234,12.23084,8.15835,-0.11004,-0.256276,0,0
83871,7.612977,1.961153,0.353888,1.445777,0.480292,-0.278284,-0.040195,0,0,0,48,8.163166,1.04234,12.24032,8.15835,-0.101004,-0.379288,0,0
83892,7.799764,-2.374725,0.385188,1.453447,0.441467,-0.383525,-0.15765,0,0,0,48,8.159668,1.04234,12.27708,8.15835,-0.028971,-0.412496,0,0
83911,7.863379,-6.909076,0.518489,1.462651,0.318716,-0.457933,-0.252821,0,0,0,48,8.156424,1.04234,12.31527,8.15835,0.069609,-0.388325,0,0
83932,7.718819,-9.107549,0.711684,1.477224,0.121275,-0.508852,-0.360533,0,0,0,48,8.152335,1.04234,12.33761,8.15835,0.193788,-0.315063,0,0
83952,7.413636,-3.53503,0.422192,1.487194,-0.148519,-0.408812,-0.401562,0,0,0,48,8.148499,1.04234,12.33554,8.15835,0.278665,-0.130146,0,0
83974,7.22154,5.793214,0.10054,1.491029,-0.11681,-0.231823,-0.360756,0,0,0,48,8.144152,1.04234,12.36156,8.15835,0.174316,-0.057507,0,0
83994,7.385162,8.388635,-0.186741,1.487194,-0.064547,-0.214898,-0.302305,0,0,0,48,8.1401,1.04234,12.42204,8.15835,0.139723,-0.075176,0,0
84013,7.650436,3.304665,-0.162364,1.484126,-0.12775,-0.258985,-0.278605,0,0,0,48,8.136394,1.04234,12.47139,8.15835,0.193367,-0.065617,0,0
84035,7.727232,-0.008312,0.150471,1.48566,-0.070461,-0.314605,-0.283538,0,0,0,48,8.131802,1.04234,12.45764,8.15835,0.192533,-0.122072,0,0
84057,7.69284,1.579474,0.024115,1.486427,-0.12861,-0.316517,-0.297664,0,0,0,48,8.127153,1.04234,12.38991,8.15835,0.222564,-0.093953,0,0
84078,7.72356,2.449703,-0.009628,1.48566,-0.089865,-0.301178,-0.300035,0,0,0,48,8.122886,1.04234,12.3633,8.15835,0.195522,-0.105656,0,0
84098,7.785502,0.800848,-0.024431,1.484893,-0.156273,-0.289199,-0.296606,0,0,0,48,8.118589,1.04234,12.39648,8.15835,0.222736,-0.066463,0,0
84119,7.748533,0.999321,-0.000826,1.484893,-0.186409,-0.282748,-0.290765,0,0,0,48,8.114269,1.04234,12.42228,8.15835,0.234578,-0.048169,0,0
84138,7.738353,1.27413,-0.058421,1.484126,-0.24393,-0.297945,-0.290085,0,0,0,48,8.109931,1.04234,12.39886,8.15835,0.270938,-0.027008,0,0
84160,7.743747,2.25123,-0.052712,1.482592,-0.206742,-0.307703,-0.295568,0,0,0,48,8.105142,1.04234,12.35202,8.15835,0.257222,-0.050481,0,0
84180,7.826037,0.755046,-0.057826,1.481058,-0.229294,-0.301678,-0.300536,0,0,0,48,8.10078,1.04234,12.34813,8.15835,0.265486,-0.036192,0,0
84202,7.834649,0.3581,-0.012482,1.480291,-0.229689,-0.316139,-0.305225,0,0,0,48,8.095975,1.04234,12.37811,8.15835,0.272914,-0.043225,0,0
84220,7.82224,-0.206786,-0.000587,1.480291,-0.278247,-0.315249,-0.309221,0,0,0,48,8.092044,1.04234,12.38293,8.15835,0.296748,-0.018501,0,0
84241,7.769924,1.182527,-0.023144,1.479524,-0.287663,-0.322872,-0.314401,0,0,0,48,8.087676,1.04234,12.35469,8.15835,0.305267,-0.017605,0,0
84261,7.811765,0.709245,-0.086877,1.477991,-0.330777,-0.31291,-0.315431,0,0,0,48,8.083308,1.04234,12.33186,8.15835,0.321843,0.008933,0,0
84283,7.840769,-0.23732,-0.117129,1.476457,-0.39515,-0.310149,-0.314503,0,0,0,48,8.078504,1.04234,12.34311,8.15835,0.35265,0.0425,0,0
84304,7.813961,-0.008312,-0.133496,1.474923,-0.441788,-0.320382,-0.316186,0,0,0,48,8.074142,1.04234,12.36063,8.15835,0.381085,0.060703,0,0
84323,7.794508,0.25123,-0.094417,1.474156,-0.439279,-0.313124,-0.315645,0,0,0,48,8.070655,1.04234,12.35718,8.15835,0.376202,0.063078,0,0
84343,7.77296,1.304665,-0.085535,1.471855,-0.419309,-0.299771,-0.313896,0,0,0,48,8.066306,1.04234,12.33562,8.15835,0.35954,0.059769,0,0
84365,7.829876,0.541306,-0.046655,1.469554,-0.398301,-0.285591,-0.305211,0,0,0,48,8.061536,1.04234,12.32355,8.15835,0.341946,0.056355,0,0
84385,7.85338,-1.077015,-0.065232,1.46802,-0.503586,-0.284819,-0.295279,0,0,0,48,8.057211,1.04234,12.3333,8.15835,0.394202,0.109384,0,0
84407,7.805021,-0.222053,-0.118861,1.466486,-0.564614,-0.262394,-0.282626,0,0,0,48,8.052467,1.04234,12.34015,8.15835,0.413504,0.15111,0,0
84427,7.778121,0.648176,-0.102006,1.464185,-0.562689,-0.241194,-0.271196,0,0,0,48,8.048169,1.04234,12.32628,8.15835,0.401942,0.160748,0,0
84447,7.786225,1.503138,-0.071976,1.461884,-0.505136,-0.208727,-0.252164,0,0,0,48,8.043885,1.04234,12.30951,8.15835,0.356932,0.148205,0,0
84469,7.832774,0.95352,-0.16943,1.458049,-0.583736,-0.13934,-0.218808,0,0,0,48,8.039193,1.04234,12.3054,8.15835,0.361538,0.222198,0,0
84490,7.859334,0.816115,-0.123275,1.454981,-0.545647,-0.086672,-0.177133,0,0,0,48,8.034949,1.04234,12.30795,8.15835,0.31616,0.229487,0,0
84510,7.882951,0.205428,-0.093893,1.451913,-0.547751,-0.03384,-0.132239,0,0,0,48,8.030727,1.04234,12.29365,8.15835,0.290795,0.256956,0,0
84532,7.859886,0.95352,-0.173275,1.447311,-0.594719,0.042722,-0.07644,0,0,0,48,8.026113,1.04234,12.2617,8.15835,0.275999,0.318721,0,0
84552,7.857781,2.342833,-0.179099,1.442709,-0.523137,0.103921,-0.017684,0,0,0,48,8.021945,1.04234,12.2423,8.15835,0.209608,0.313529,0,0
84570,7.932571,1.930619,-0.28664,1.43734,-0.538366,0.185483,0.045557,0,0,0,48,8.018221,1.04234,12.23557,8.15835,0.176441,0.361924,0,0
84593,8.014988,0.84665,-0.28084,1.431204,-0.491166,0.277482,0.130838,0,0,0,48,8.01371,1.04234,12.22435,8.15835,0.106842,0.384324,0,0
84615,8.060573,-1.702969,-0.118541,1.428136,-0.459313,0.303998,0.197049,0,0,0,48,8.009245,1.04234,12.19644,8.15835,0.077658,0.381655,0,0
84633,8.022295,-2.420526,-0.155816,1.425835,-0.560793,0.305926,0.234397,0,0,0,48,8.005625,1.04234,12.16427,8.15835,0.127433,0.433359,0,0
84656,7.95309,-1.489228,-0.189819,1.422767,-0.604202,0.307605,0.264168,0,0,0,48,8.00124,1.04234,12.12832,8.15835,0.148298,0.455903,0,0
84676,7.906898,-0.786938,-0.301861,1.418932,-0.699864,0.352957,0.289367,0,0,0,48,7.997287,1.04234,12.11759,8.15835,0.173453,0.526411,0,0
84698,7.876653,1.335199,-0.257321,1.41433,-0.584042,0.384023,0.321655,0,0,0,48,7.992978,1.04234,12.12239,8.15835,0.100009,0.484033,0,0
84718,7.88065,2.434436,-0.381026,1.407428,-0.605783,0.427482,0.355343,0,0,0,48,7.9891,1.04234,12.12093,8.15835,0.08915,0.516633,0,0
84738,7.869846,5.823749,-0.419209,1.399758,-0.424758,0.459948,0.390862,0,0,0,48,7.985263,1.04234,12.12047,8.15835,-0.017595,0.442353,0,0
84761,8.023138,5.808482,-0.492862,1.38902,-0.265232,0.43436,0.415961,0,0,0,48,7.981103,1.04234,12.12187,8.15835,-0.084564,0.349796,0,0
84783,8.131939,3.014588,-0.279299,1.38135,-0.09522,0.378037,0.412157,0,0,0,48,7.977012,1.04234,12.11422,8.15835,-0.141409,0.236628,0,0
84803,8.203518,-1.092282,-0.12187,1.377515,-0.079523,0.303572,0.379219,0,0,0,48,7.973355,1.04234,12.10098,8.15835,-0.112025,0.191548,0,0
84825,8.100105,-2.741137,0.047535,1.377515,-0.10168,0.287585,0.341858,0,0,0,48,7.969395,1.04234,12.07538,8.15835,-0.092952,0.194633,0,0
84843,7.975602,-1.275488,0.002798,1.377515,-0.137944,0.32342,0.331891,0,0,0,48,7.966551,1.04234,12.06319,8.15835,-0.092738,0.230682,0,0
84865,7.915044,0.327566,6.1e-05,1.377515,-0.062462,0.339511,0.333937,0,0,0,48,7.962681,1.04234,12.07221,8.15835,-0.138525,0.200987,0,0
84885,7.885838,0.068024,2.10145e-06,1.377515,-0.070685,0.354787,0.340662,0,0,0,48,7.959195,1.04234,12.09615,8.15835,-0.142051,0.212736,0,0
84907,7.876597,0.068024,0.038651,1.379049,-0.000457,0.330434,0.338294,0,0,0,48,7.955386,1.04234,12.10562,8.15835,-0.164988,0.165445,0,0
84927,7.861645,0.938253,0.173257,1.380583,0.180555,0.31719,0.331768,0,0,0,48,7.951941,1.04234,12.09773,8.15835,-0.248873,0.068317,0,0
84949,7.930418,-0.160984,0.122483,1.382117,0.222519,0.307065,0.323475,0,0,0,48,7.948166,1.04234,12.10222,8.15835,-0.264792,0.042273,0,0
84968,7.97204,-1.702969,0.088014,1.384418,0.210241,0.318721,0.322306,0,0,0,48,7.945083,1.04234,12.12295,8.15835,-0.264481,0.05424,0,0
84990,7.997137,-4.83274,0.210483,1.390554,0.207978,0.333451,0.326044,0,0,0,48,7.941312,1.04234,12.14137,8.15835,-0.270715,0.062736,0,0
85010,7.953675,-6.420526,0.457391,1.398991,0.281496,0.341826,0.333198,0,0,0,48,7.937871,1.04234,12.14029,8.14247,-0.311661,0.030165,0,0
85030,7.868186,-6.634266,0.455435,1.406661,0.197263,0.349102,0.340474,0,0,0,48,7.934408,1.04234,12.13479,8.14247,-0.273183,0.075919,0,0
85052,7.762167,-5.199152,0.324164,1.41433,0.082087,0.283405,0.33096,0,0,0,48,7.930559,1.04234,12.15109,8.14247,-0.182746,0.100659,0,0
85070,7.668166,-1.443427,0.147781,1.417398,0.077046,0.210523,0.300827,0,0,0,48,7.927374,1.04234,12.18155,8.14247,-0.143785,0.066739,0,0
85093,7.639936,1.197795,-0.002627,1.418165,0.086585,0.208004,0.259223,0,0,0,48,7.923438,1.04234,12.2088,8.14247,-0.147294,0.060709,0,0
85114,7.760887,-0.634267,-0.020854,1.417398,0.077124,0.263463,0.254835,0,0,0,48,7.919825,1.04234,12.22072,8.14247,-0.170294,0.093169,0,0
85135,7.791681,-2.618999,-0.043873,1.416631,-0.046388,0.289888,0.269657,0,0,0,48,7.915823,1.04234,12.24617,8.14247,-0.12175,0.168138,0,0
85156,7.751997,-2.252587,-0.019275,1.416631,-0.077418,0.291914,0.277179,0,0,0,48,7.912164,1.04234,12.2775,8.14247,-0.107248,0.184666,0,0
85177,7.69249,-1.443427,-0.120467,1.415097,-0.20365,0.28678,0.283648,0,0,0,48,7.90849,1.04234,12.28726,8.14247,-0.041565,0.245215,0,0
85197,7.649777,-0.756404,-0.118449,1.412796,-0.263747,0.329475,0.29703,0,0,0,48,7.904806,1.04234,12.28058,8.14247,-0.032864,0.296611,0,0
85219,7.619011,0.526039,-0.217145,1.408195,-0.363523,0.378191,0.320097,0,0,0,48,7.900752,1.04234,12.28406,8.14247,-0.007334,0.370857,0,0
85239,7.613005,1.976421,-0.211119,1.402826,-0.342589,0.409222,0.350518,0,0,0,48,7.897072,1.04234,12.30411,8.14247,-0.033317,0.375906,0,0
85261,7.598087,2.968787,-0.428577,1.394389,-0.520561,0.44319,0.385706,0,0,0,48,7.893411,1.04234,12.31892,8.14247,0.038686,0.481875,0,0
85281,7.57558,5.86955,-0.48207,1.385952,-0.455973,0.409336,0.399487,0,0,0,48,7.889776,1.04234,12.30873,8.14247,0.023318,0.432655,0,0
85303,7.618497,7.76268,-0.608663,1.374447,-0.412182,0.332096,0.38698,0,0,0,48,7.885821,1.04234,12.29559,8.14247,0.040043,0.372139,0,0
85324,7.749738,7.319932,-0.473509,1.364476,-0.196272,0.230199,0.339434,0,0,0,48,7.882281,1.04234,12.29557,8.14247,-0.016964,0.213235,0,0
85343,7.835629,3.991688,-0.339398,1.357573,-0.185376,0.121532,0.276568,0,0,0,48,7.879144,1.04234,12.2958,8.14247,0.031922,0.153454,0,0
85363,7.868152,0.480237,-0.101716,1.354505,-0.156912,0.07052,0.200518,0,0,0,48,7.87572,1.04234,12.27796,8.14247,0.043196,0.113716,0,0
85383,7.772647,-0.069381,0.077385,1.354505,-0.134985,0.130101,0.161167,0,0,0,48,7.87235,1.04234,12.25392,8.14247,0.002442,0.132543,0,0
85404,7.681944,2.022222,0.017116,1.355272,-0.10533,0.181867,0.162246,0,0,0,48,7.869026,1.04234,12.24718,8.14247,-0.038268,0.143598,0,0
85424,7.67483,3.915352,0.0006,1.355272,0.034683,0.205295,0.174071,0,0,0,48,7.865737,1.04234,12.26293,8.14247,-0.119989,0.085306,0,0
85447,7.739147,2.663444,0.068454,1.356806,0.153811,0.180727,0.178205,0,0,0,48,7.862153,1.04234,12.26942,8.14247,-0.167269,0.013458,0,0
85467,7.800623,1.823749,0.122441,1.359874,0.298059,0.168324,0.176795,0,0,0,48,7.858915,1.04234,12.24259,8.14247,-0.233192,-0.064867,0,0
85489,7.901374,-1.015946,0.231238,1.36601,0.430608,0.200398,0.18322,0,0,0,48,7.855363,1.04234,12.20977,8.14247,-0.315503,-0.115105,0,0
85509,7.976146,-4.680068,0.524152,1.375981,0.609899,0.262025,0.203321,0,0,0,48,7.852453,1.04234,12.19888,8.14247,-0.435962,-0.173937,0,0
85529,8.025752,-9.764037,0.72181,1.38902,0.596372,0.305973,0.236276,0,0,0,48,7.849199,1.04234,12.19854,8.14247,-0.451172,-0.145199,0,0
85549,7.979916,-15.47396,0.968996,1.406661,0.439072,0.293951,0.264559,0,0,0,48,7.845903,1.04234,12.18807,8.14247,-0.366512,-0.072561,0,0
85570,7.658769,-13.84037,0.961304,1.426602,0.199119,0.164801,0.250218,0,0,0,48,7.842537,1.04234,12.17205,8.14247,-0.18196,-0.017159,0,0
85590,7.273331,-3.031213,0.491296,1.438874,0.084884,-0.027923,0.171693,0,0,0,48,7.839084,1.04234,12.18073,8.14247,-0.02848,-0.056404,0,0
85610,7.251289,4.052756,0.081451,1.442709,0.172015,-0.140433,0.063457,0,0,0,48,7.835537,1.04234,12.22548,8.14247,-0.015791,-0.156224,0,0
85632,7.509632,2.587108,0.030193,1.442709,0.302118,-0.077336,-0.01085,0,0,0,48,7.831542,1.04234,12.28627,8.14247,-0.112391,-0.189727,0,0
85651,7.681439,-1.42816,0.079742,1.443476,0.275986,-0.008782,-0.021074,0,0,0,48,7.828213,1.04234,12.32828,8.14247,-0.133602,-0.142384,0,0
85671,7.72869,-3.306022,0.080373,1.445777,0.221598,-0.068236,-0.028009,0,0,0,48,7.824457,1.04234,12.36632,8.14247,-0.076681,-0.144917,0,0
85691,7.686313,-3.000679,0.162709,1.448845,0.254901,-0.148044,-0.062626,0,0,0,48,7.82065,1.04234,12.38348,8.14247,-0.053429,-0.201472,0,0
85711,7.635172,-2.817473,0.026279,1.449612,0.101519,-0.15744,-0.101946,0,0,0,48,7.816796,1.04234,12.38278,8.14247,0.027961,-0.12948,0,0
85733,7.571275,-1.42816,-0.019721,1.448845,0.039404,-0.122771,-0.121628,0,0,0,48,7.812513,1.04234,12.38247,8.14247,0.041683,-0.081088,0,0
85752,7.593212,-2.328923,-0.077638,1.446544,-0.088183,-0.053406,-0.106615,0,0,0,48,7.80898,1.04234,12.40401,8.14247,0.070795,0.017388,0,0
85772,7.54518,-1.504496,-0.169986,1.442709,-0.231793,0.000954,-0.07546,0,0,0,48,7.805037,1.04234,12.43192,8.14247,0.115419,0.116374,0,0
85794,7.469903,0.617642,-0.293987,1.436573,-0.369106,0.077089,-0.025585,0,0,0,48,7.800689,1.04234,12.43432,8.14247,0.146008,0.223097,0,0
85815,7.470674,0.968787,-0.446943,1.428136,-0.559323,0.201924,0.043678,0,0,0,48,7.79674,1.04234,12.4122,8.14247,0.178699,0.380623,0,0
85835,7.49128,2.907718,-0.55073,1.418165,-0.595475,0.331185,0.132633,0,0,0,48,7.792809,1.04234,12.40026,8.14247,0.132145,0.46333,0,0
85854,7.512459,4.083291,-0.573292,1.407428,-0.601267,0.423925,0.227816,0,0,0,48,7.789301,1.04234,12.40926,8.14247,0.088671,0.512596,0,0
85877,7.494308,8.739779,-0.75305,1.390554,-0.539671,0.474718,0.33296,0,0,0,48,7.785071,1.04234,12.413,8.14247,0.032476,0.507195,0,0
85897,7.538284,11.96115,-0.788239,1.374447,-0.345937,0.41422,0.377501,0,0,0,48,7.781674,1.04234,12.38584,8.14247,-0.034142,0.380079,0,0
85916,7.727875,10.11382,-0.841473,1.356806,-0.288971,0.222168,0.348501,0,0,0,48,7.777984,1.04234,12.34221,8.14247,0.033402,0.255569,0,0
85938,7.885218,3.533672,-0.489962,1.343767,-0.248561,-0.003499,0.240087,0,0,0,48,7.77404,1.04234,12.30006,8.14247,0.12603,0.122531,0,0
85955,7.894917,0.144359,-0.297983,1.337631,-0.284233,-0.113236,0.136456,0,0,0,48,7.771255,1.04234,12.27988,8.14247,0.198735,0.085498,0,0
85978,7.773057,0.174894,-0.216997,1.333029,-0.319183,-0.179405,0.011051,0,0,0,48,7.767529,1.04234,12.27172,8.14247,0.249294,0.069889,0,0
85999,7.652975,1.808482,-0.102949,1.330728,-0.246804,-0.165821,-0.062083,0,0,0,48,7.764236,1.04234,12.274,8.14247,0.206313,0.040491,0,0
86019,7.62176,2.938252,-0.060823,1.328427,-0.154578,-0.155583,-0.097647,0,0,0,48,7.761019,1.04234,12.277,8.14247,0.15508,-0.000503,0,0
86041,7.623802,1.716879,-0.120223,1.326126,-0.235212,-0.131693,-0.114061,0,0,0,48,7.757555,1.04234,12.27084,8.14247,0.183453,0.05176,0,0
86059,7.62164,1.472604,0.060573,1.32766,-0.083394,-0.120024,-0.116438,0,0,0,48,7.75477,1.04234,12.26079,8.14247,0.101709,-0.018315,0,0
86082,7.628675,2.57184,0.105175,1.329961,0.09938,-0.107429,-0.113615,0,0,0,48,7.751414,1.04234,12.25164,8.14247,0.004024,-0.103405,0,0
86103,7.684404,2.495504,0.174203,1.333029,0.303064,-0.1098,-0.111711,0,0,0,48,7.748397,1.04234,12.24834,8.14247,-0.096632,-0.206432,0,0
86123,7.751006,1.594741,0.278759,1.338398,0.5161,-0.071043,-0.102267,0,0,0,48,7.745399,1.04234,12.24356,8.14247,-0.222529,-0.293572,0,0
86145,7.8274,-1.977778,0.547584,1.348369,0.717106,0.011108,-0.070192,0,0,0,48,7.742105,1.04234,12.2315,8.14247,-0.364107,-0.352999,0,0
86164,7.852419,-5.382358,0.612533,1.359107,0.711165,0.13458,-0.014506,0,0,0,48,7.739398,1.04234,12.20934,8.14247,-0.422873,-0.288292,0,0
86185,7.877104,-11.90144,0.924698,1.377515,0.679255,0.288178,0.082909,0,0,0,48,7.736355,1.04234,12.17827,8.14247,-0.483716,-0.195538,0,0
86206,7.788891,-17.67244,1.210534,1.400525,0.487515,0.342844,0.180933,0,0,0,48,7.733253,1.04234,12.15054,8.14247,-0.415179,-0.072336,0,0
86227,7.417951,-14.81747,1.239212,1.426602,0.281947,0.188139,0.216152,0,0,0,48,7.729734,1.04234,12.1385,8.14247,-0.235043,-0.046904,0,0
86247,7.059211,-3.977778,0.786838,1.442709,0.203674,-0.087424,0.140894,0,0,0,48,7.726414,1.04234,12.14936,8.14247,-0.058125,-0.145549,0,0
86267,7.022494,4.052756,0.217235,1.448845,0.214271,-0.26088,0.011407,0,0,0,48,7.722971,1.04234,12.1773,8.14247,0.023305,-0.237576,0,0
86287,7.2939,2.495504,0.136514,1.451913,0.333586,-0.316414,-0.108859,0,0,0,48,7.719415,1.04234,12.21799,8.14247,-0.008586,-0.325,0,0
86305,7.527571,-2.34419,0.249768,1.455748,0.368837,-0.321417,-0.182259,0,0,0,48,7.716131,1.04234,12.2687,8.14247,-0.02371,-0.345127,0,0
86327,7.544003,-6.649534,0.311824,1.462651,0.163098,-0.400151,-0.260383,0,0,0,48,7.712389,1.04234,12.33584,8.14247,0.118527,-0.281625,0,0
86349,7.395452,-5.840374,0.366266,1.471088,0.056584,-0.481268,-0.340278,0,0,0,48,7.708174,1.04234,12.3826,8.14247,0.212342,-0.268926,0,0
86370,7.215383,-0.83274,0.08462,1.474156,-0.085509,-0.472954,-0.394254,0,0,0,48,7.704257,1.04234,12.39855,8.14247,0.279231,-0.193723,0,0
86391,7.236276,2.068024,-0.161805,1.471855,-0.134878,-0.393643,-0.410211,0,0,0,48,7.699866,1.04234,12.424,8.14247,0.264261,-0.129383,0,0
86411,7.382311,0.037489,-0.163414,1.46802,-0.181986,-0.331986,-0.393744,0,0,0,48,7.695817,1.04234,12.47144,8.14247,0.256986,-0.075,0,0
86433,7.433652,-1.931976,-0.074697,1.464952,-0.26834,-0.308583,-0.364234,0,0,0,48,7.691323,1.04234,12.5115,8.14247,0.288462,-0.020121,0,0
86454,7.377609,-2.115183,-0.22994,1.461117,-0.54218,-0.29497,-0.337796,0,0,0,48,7.687211,1.04234,12.50341,8.14247,0.418575,0.123605,0,0
86474,7.289979,0.892451,-0.216848,1.456515,-0.546993,-0.220824,-0.30762,0,0,0,48,7.683086,1.04234,12.47669,8.14247,0.383909,0.163085,0,0
86492,7.251812,3.686344,-0.491882,1.447311,-0.712393,-0.109155,-0.258241,0,0,0,48,7.679374,1.04234,12.47233,8.14247,0.410774,0.301619,0,0
86515,7.279833,8.510772,-0.712418,1.431971,-0.650555,0.16022,-0.127492,0,0,0,48,7.674858,1.04234,12.49226,8.14247,0.245167,0.405388,0,0
86536,7.447416,9.365733,-0.871163,1.41433,-0.589139,0.372735,0.043496,0,0,0,48,7.670797,1.04234,12.50251,8.14247,0.108202,0.480937,0,0
86558,7.585266,11.381,-1.019469,1.393622,-0.440309,0.456381,0.207753,0,0,0,48,7.666406,1.04234,12.48225,8.14247,-0.008036,0.448345,0,0
86578,7.77523,9.625276,-0.848795,1.375981,-0.193016,0.429887,0.302785,0,0,0,48,7.662507,1.04234,12.43817,8.14247,-0.118436,0.311451,0,0
86600,7.967511,2.480237,-0.635772,1.360641,-0.218997,0.262663,0.32121,0,0,0,48,7.658338,1.04234,12.36681,8.14247,-0.021833,0.24083,0,0
86620,7.933559,-3.015946,-0.403225,1.352971,-0.392633,0.119434,0.265921,0,0,0,48,7.654663,1.04234,12.29721,8.14247,0.136599,0.256034,0,0
86641,7.696233,-3.580832,-0.165523,1.35067,-0.511265,0.046651,0.188862,0,0,0,48,7.651093,1.04234,12.2468,8.14247,0.232307,0.278958,0,0
86663,7.373084,2.587108,-0.259504,1.346835,-0.580511,0.061289,0.133883,0,0,0,48,7.647267,1.04234,12.23563,8.14247,0.259611,0.3209,0,0
86682,7.269324,6.877184,-0.423624,1.339932,-0.572409,0.011708,0.098347,0,0,0,48,7.644211,1.04234,12.2574,8.14247,0.28035,0.292059,0,0
86704,7.347353,10.86192,-0.472853,1.329194,-0.276481,-0.114905,0.034635,0,0,0,48,7.640563,1.04234,12.28631,8.14247,0.195693,0.080788,0,0
86724,7.611833,8.25123,-0.384533,1.319991,-0.029652,-0.247996,-0.055708,0,0,0,48,7.637332,1.04234,12.28916,8.14247,0.138824,-0.109172,0,0
86744,7.865917,0.922985,-0.119369,1.316156,0.075345,-0.283895,-0.143516,0,0,0,48,7.634184,1.04234,12.27246,8.14247,0.104275,-0.17962,0,0
86764,7.861879,-3.74877,0.178476,1.319991,0.106102,-0.228253,-0.188637,0,0,0,48,7.631107,1.04234,12.26911,8.14247,0.061076,-0.167177,0,0
86786,7.715304,-1.855641,0.389654,1.32766,0.33915,-0.196241,-0.197541,0,0,0,48,7.627783,1.04234,12.30287,8.14247,-0.071455,-0.267695,0,0
86806,7.600556,0.632909,0.291218,1.333029,0.416673,-0.157179,-0.18657,0,0,0,48,7.624793,1.04234,12.33357,8.14247,-0.129747,-0.286926,0,0
86828,7.577941,1.350466,0.35367,1.339932,0.613581,-0.084403,-0.155321,0,0,0,48,7.621518,1.04234,12.32685,8.14247,-0.264589,-0.348992,0,0
86847,7.648895,-1.733503,0.401768,1.346835,0.649101,0.01542,-0.109239,0,0,0,48,7.618839,1.04234,12.29357,8.14247,-0.33226,-0.316841,0,0
86868,7.768413,-8.313656,0.627952,1.359107,0.651603,0.171735,-0.023152,0,0,0,48,7.615846,1.04234,12.26844,8.14247,-0.411669,-0.239934,0,0
86888,7.782866,-15.00068,0.921086,1.377515,0.553354,0.318279,0.084308,0,0,0,48,7.612815,1.04234,12.26055,8.14247,-0.435817,-0.117537,0,0
86910,7.583396,-19.44343,1.254816,1.403593,0.337733,0.329132,0.189206,0,0,0,48,7.609408,1.04234,12.2443,8.14247,-0.333432,-0.004301,0,0
86930,7.18452,-12.93961,1.010045,1.425068,0.102859,0.166881,0.211993,0,0,0,48,7.606211,1.04234,12.21616,8.14247,-0.13487,0.032011,0,0
86950,6.866207,-0.93961,0.610937,1.438874,0.157501,-0.062668,0.142445,0,0,0,48,7.602898,1.04234,12.20968,8.14247,-0.047417,-0.110084,0,0
86971,6.937318,6.25123,0.087148,1.441942,0.257994,-0.174595,0.029295,0,0,0,48,7.599464,1.04234,12.24682,8.14247,-0.041699,-0.216295,0,0
86989,7.221043,3.182528,-0.01947,1.441942,0.285386,-0.12604,-0.035127,0,0,0,48,7.596285,1.04234,12.29936,8.14247,-0.079673,-0.205713,0,0
87010,7.449786,-2.23732,0.118439,1.444243,0.295528,-0.090976,-0.05991,0,0,0,48,7.59267,1.04234,12.3502,8.14247,-0.102276,-0.193252,0,0
87032,7.511853,-4.756404,0.224779,1.448845,0.290911,-0.165315,-0.089669,0,0,0,48,7.588609,1.04234,12.38435,8.14247,-0.062798,-0.228113,0,0
87052,7.46399,-5.53503,0.17385,1.45268,0.14434,-0.256054,-0.141324,0,0,0,48,7.584846,1.04234,12.39821,8.11865,0.055857,-0.200197,0,0
87073,7.352333,-3.718236,0.074627,1.454981,0.029141,-0.312028,-0.203404,0,0,0,48,7.581018,1.04234,12.41151,8.11865,0.141443,-0.170585,0,0
87093,7.292952,-2.481595,-0.076987,1.454214,-0.127245,-0.273118,-0.238998,0,0,0,48,7.577139,1.04234,12.44105,8.11865,0.200181,-0.072937,0,0
87115,7.269301,-1.626633,-0.149254,1.451146,-0.246492,-0.165074,-0.226222,0,0,0,48,7.572822,1.04234,12.4925,8.11865,0.205783,0.040709,0,0
87135,7.234506,-0.252587,-0.337757,1.44501,-0.435539,-0.065585,-0.181694,0,0,0,48,7.568867,1.04234,12.52845,8.11865,0.250562,0.184977,0,0
87157,7.165346,2.526039,-0.345512,1.436573,-0.466915,0.081481,-0.099972,0,0,0,48,7.564505,1.04234,12.53731,8.11865,0.192717,0.274198,0,0
87176,7.21708,3.151993,-0.60419,1.425068,-0.666134,0.249397,0.005044,0,0,0,48,7.560944,1.04234,12.53273,8.11865,0.208369,0.457765,0,0
87198,7.228328,5.961154,-0.74554,1.409729,-0.700087,0.417837,0.148446,0,0,0,48,7.55662,1.04234,12.53731,8.11865,0.141125,0.558962,0,0
87219,7.28338,9.319932,-0.826419,1.392088,-0.570552,0.488809,0.276212,0,0,0,48,7.552744,1.04234,12.55229,8.11865,0.040871,0.52968,0,0
87239,7.378537,11.96115,-1.010211,1.372146,-0.470155,0.431169,0.348648,0,0,0,48,7.548941,1.04234,12.53979,8.11865,0.019493,0.450662,0,0
87262,7.585496,7.76268,-0.876555,1.35067,-0.410347,0.178879,0.323533,0,0,0,48,7.544874,1.04234,12.47617,8.11865,0.115734,0.294613,0,0
87282,7.718037,3.472604,-0.580687,1.337631,-0.302209,-0.063158,0.212183,0,0,0,48,7.541293,1.04234,12.41088,8.11865,0.182684,0.119526,0,0
87303,7.681643,2.342833,-0.476446,1.326893,-0.307004,-0.253606,0.053491,0,0,0,48,7.537828,1.04234,12.37709,8.11865,0.280305,0.026699,0,0
87324,7.657639,1.16726,-0.347699,1.319991,-0.270392,-0.33332,-0.092788,0,0,0,48,7.534484,1.04234,12.38362,8.11865,0.301856,-0.031464,0,0
87344,7.572938,0.877184,-0.18098,1.315389,-0.236684,-0.307053,-0.180719,0,0,0,48,7.531242,1.04234,12.40456,8.11865,0.271868,-0.035184,0,0
87367,7.500014,0.587108,-0.131025,1.311554,-0.280846,-0.248629,-0.21573,0,0,0,48,7.527784,1.04234,12.41467,8.11865,0.264737,0.016109,0,0
87387,7.452529,-0.664801,-0.112935,1.309253,-0.389843,-0.187732,-0.211017,0,0,0,48,7.524729,1.04234,12.41761,8.11865,0.288787,0.101055,0,0
87407,7.386885,0.831382,-0.032489,1.308486,-0.306513,-0.159418,-0.195527,0,0,0,48,7.521743,1.04234,12.42757,8.11865,0.232966,0.073548,0,0
87429,7.35729,0.861917,-0.000803,1.308486,-0.29848,-0.174611,-0.18385,0,0,0,48,7.518526,1.04234,12.43366,8.11865,0.236546,0.061935,0,0
87449,7.34368,1.839016,0.028642,1.309253,-0.20603,-0.202999,-0.1872,0,0,0,48,7.515651,1.04234,12.44331,8.11865,0.204515,0.001515,0,0
87469,7.352093,2.342833,0.016813,1.31002,-0.135041,-0.218136,-0.195619,0,0,0,48,7.512812,1.04234,12.4408,8.11865,0.176588,-0.041548,0,0
87491,7.424962,2.648176,0.129825,1.312321,0.108661,-0.215072,-0.202326,0,0,0,48,7.510002,1.04234,12.43607,8.11865,0.053205,-0.161866,0,0
87512,7.533103,0.495504,0.213453,1.316156,0.261235,-0.227914,-0.210893,0,0,0,48,7.507213,1.04234,12.43997,8.11865,-0.01666,-0.244574,0,0
87532,7.539518,-0.618999,0.384785,1.323058,0.440796,-0.242684,-0.220778,0,0,0,48,7.504432,1.04234,12.44373,8.11865,-0.099056,-0.34174,0,0
87554,7.511826,-0.603732,0.410631,1.331495,0.574654,-0.23806,-0.235085,0,0,0,48,7.501365,1.04234,12.43927,8.11865,-0.168297,-0.406357,0,0
87572,7.545359,-1.015946,0.380995,1.339165,0.687979,-0.192255,-0.228974,0,0,0,48,7.498837,1.04234,12.42234,8.11865,-0.247862,-0.440117,0,0
87595,7.630224,-8.008312,0.610574,1.353738,0.662474,0.028813,-0.160578,0,0,0,48,7.49571,1.04234,12.39315,8.11865,-0.345644,-0.31683,0,0
87616,7.602148,-15.39762,1.061059,1.374447,0.584393,0.286061,-0.020583,0,0,0,48,7.492808,1.04234,12.36671,8.11865,-0.435227,-0.149166,0,0
87636,7.429986,-18.35946,1.192401,1.397457,0.326761,0.387841,0.130663,0,0,0,48,7.489826,1.04234,12.34486,8.11865,-0.357301,0.03054,0,0
87658,7.031258,-13.58083,0.982434,1.422,0.000968,0.257899,0.214462,0,0,0,48,7.486421,1.04234,12.32371,8.11865,-0.129434,0.128466,0,0
87676,6.686142,-1.077015,0.601861,1.435039,0.059008,0.028713,0.181917,0,0,0,48,7.48352,1.04234,12.31514,8.11865,-0.04386,-0.015148,0,0
87699,6.785995,7.151993,0.020034,1.438107,0.208204,-0.13657,0.064268,0,0,0,48,7.479829,1.04234,12.32184,8.11865,-0.035817,-0.172387,0,0
87720,7.159701,2.800848,-0.016244,1.43734,0.296065,-0.058543,-0.001217,0,0,0,48,7.476355,1.04234,12.34696,8.11865,-0.118761,-0.177304,0,0
87740,7.408904,-2.93961,0.170462,1.439641,0.350312,-0.001557,-0.007132,0,0,0,48,7.472795,1.04234,12.3946,8.11865,-0.174377,-0.175935,0,0
87762,7.441919,-5.825106,0.253944,1.444243,0.281726,-0.101942,-0.026295,0,0,0,48,7.468793,1.04234,12.44775,8.11865,-0.089892,-0.191834,0,0
87782,7.332029,-4.72587,0.206679,1.448078,0.192675,-0.188742,-0.078287,0,0,0,48,7.465083,1.04234,12.45537,8.11865,-0.001966,-0.190709,0,0
87803,7.223981,-2.848007,-0.04318,1.448078,-0.025164,-0.20397,-0.130156,0,0,0,48,7.461312,1.04234,12.42902,8.11865,0.114567,-0.089403,0,0
87822,7.180016,-1.458694,-0.193362,1.44501,-0.168194,-0.135717,-0.144345,0,0,0,48,7.457489,1.04234,12.42822,8.11865,0.151955,0.016238,0,0
87844,7.195061,-1.672434,-0.290989,1.439641,-0.336531,0.014921,-0.10302,0,0,0,48,7.453244,1.04234,12.47512,8.11865,0.160805,0.175726,0,0
87864,7.150943,-1.290755,-0.46229,1.432738,-0.591617,0.124883,-0.035195,0,0,0,48,7.449363,1.04234,12.5175,8.11865,0.233367,0.35825,0,0
87884,7.067595,1.335199,-0.499997,1.424301,-0.675084,0.23625,0.053576,0,0,0,48,7.445479,1.04234,12.51153,8.11865,0.219417,0.455667,0,0
87907,7.01464,5.426802,-0.781685,1.409729,-0.82881,0.392355,0.168765,0,0,0,48,7.441224,1.04234,12.47429,8.11865,0.218227,0.610583,0,0
87928,7.006427,11.31993,-0.95926,1.390554,-0.724626,0.488643,0.287649,0,0,0,48,7.437014,1.04234,12.47161,8.11865,0.117991,0.606635,0,0
87950,7.159528,14.84665,-1.079419,1.36601,-0.49344,0.411771,0.357952,0,0,0,48,7.432886,1.04234,12.50216,8.11865,0.040835,0.452605,0,0
87970,7.4106,12.23596,-1.089521,1.343,-0.398407,0.13697,0.315823,0,0,0,48,7.429234,1.04234,12.50031,8.11865,0.130719,0.267689,0,0
87990,7.599251,7.381001,-0.829809,1.325359,-0.281922,-0.194899,0.168992,0,0,0,48,7.425702,1.04234,12.44811,8.11865,0.23841,0.043511,0,0
88011,7.724032,3.44207,-0.695128,1.310787,-0.231812,-0.407346,-0.033073,0,0,0,48,7.422305,1.04234,12.38516,8.11865,0.319579,-0.087767,0,0
88031,7.833214,-3.962511,-0.314141,1.303884,-0.246507,-0.3452,-0.166958,0,0,0,48,7.419037,1.04234,12.35961,8.11865,0.295854,-0.049347,0,0
88053,7.687258,-7.443427,0.05166,1.303117,-0.33576,-0.210439,-0.208685,0,0,0,48,7.415576,1.04234,12.3955,8.11865,0.273099,0.06266,0,0
88073,7.389457,-4.176251,0.016691,1.303884,-0.48374,-0.141361,-0.189684,0,0,0,48,7.412531,1.04234,12.45065,8.11865,0.31255,0.171189,0,0
88095,7.113542,2.25123,-0.225916,1.300049,-0.603465,-0.122295,-0.164511,0,0,0,48,7.409272,1.04234,12.4746,8.11865,0.36288,0.240585,0,0
88115,7.053567,6.632909,-0.29877,1.293913,-0.494024,-0.067324,-0.139464,0,0,0,48,7.406384,1.04234,12.45438,8.11865,0.280674,0.21335,0,0
88137,7.241426,5.381001,-0.36163,1.285476,-0.435222,-0.020319,-0.10284,0,0,0,48,7.403286,1.04234,12.43628,8.11865,0.22777,0.207452,0,0
88157,7.417813,1.045123,-0.112494,1.281641,-0.326431,-0.004034,-0.066403,0,0,0,48,7.400542,1.04234,12.45942,8.11865,0.165233,0.161198,0,0
88179,7.450197,-2.283122,0.149982,1.282408,-0.279643,-0.025641,-0.043429,0,0,0,48,7.397596,1.04234,12.49082,8.11865,0.152642,0.127001,0,0
88196,7.339681,-1.199152,0.09348,1.283942,-0.344485,-0.064967,-0.047336,0,0,0,48,7.395494,1.04234,12.48645,8.11865,0.204726,0.139759,0,0
88219,7.241488,2.297031,0.013283,1.285476,-0.251079,-0.114006,-0.070725,0,0,0,48,7.392644,1.04234,12.45603,8.11865,0.182543,0.068537,0,0
88239,7.323386,2.266497,0.034627,1.286243,-0.100857,-0.105783,-0.083266,0,0,0,48,7.390084,1.04234,12.44728,8.11865,0.10332,-0.002463,0,0
88262,7.407691,0.052756,0.145601,1.288544,0.005292,-0.092959,-0.08693,0,0,0,48,7.387293,1.04234,12.48247,8.11865,0.043833,-0.049125,0,0
88283,7.411751,-1.351824,0.237352,1.293146,0.071095,-0.126506,-0.097882,0,0,0,48,7.384769,1.04234,12.51191,8.11865,0.027705,-0.0988,0,0
88306,7.350636,-0.359457,0.382422,1.300049,0.267147,-0.21257,-0.130206,0,0,0,48,7.381994,1.04234,12.5072,8.11865,-0.027288,-0.239858,0,0
88326,7.343,1.243596,0.217214,1.304651,0.346277,-0.283048,-0.179309,0,0,0,48,7.379461,1.04234,12.49234,8.11865,-0.031615,-0.314663,0,0
88348,7.432292,-0.664801,0.331663,1.311554,0.529883,-0.333325,-0.237526,0,0,0,48,7.376653,1.04234,12.50309,8.11865,-0.098279,-0.431604,0,0
88369,7.481711,-3.168618,0.512459,1.320758,0.68674,-0.373116,-0.287698,0,0,0,48,7.374072,1.04234,12.53046,8.11865,-0.156812,-0.529928,0,0
88389,7.437168,-6.038846,0.553394,1.332262,0.613549,-0.338145,-0.31685,0,0,0,48,7.371451,1.04234,12.53424,8.11865,-0.137702,-0.475847,0,0
88410,7.307737,-6.512129,0.70081,1.346068,0.631682,-0.129648,-0.284231,0,0,0,48,7.368777,1.04234,12.50921,8.11865,-0.251017,-0.380665,0,0
88429,7.228884,-8.741137,0.800023,1.361408,0.527164,0.17262,-0.15784,0,0,0,48,7.366034,1.04234,12.47979,8.11865,-0.349892,-0.177272,0,0
88451,7.119318,-11.04648,0.785933,1.379049,0.254978,0.414129,0.045806,0,0,0,48,7.36292,1.04234,12.4848,8.11865,-0.334554,0.079575,0,0
88472,6.93573,-8.13045,0.727807,1.395923,0.161486,0.423468,0.201099,0,0,0,48,7.359981,1.04234,12.50429,8.11865,-0.292477,0.130991,0,0
88489,6.831948,-4.512129,0.68588,1.407428,0.198711,0.343226,0.259483,0,0,0,48,7.357545,1.04234,12.50142,8.11865,-0.270968,0.072258,0,0
88511,6.768871,0.556573,0.327703,1.415097,0.132479,0.174765,0.251633,0,0,0,48,7.354391,1.04234,12.46743,8.11865,-0.153622,0.021143,0,0
88532,6.889585,2.968787,0.103979,1.417398,0.214251,0.114913,0.205216,0,0,0,48,7.35113,1.04234,12.45516,8.11865,-0.164582,-0.049669,0,0
88554,7.182775,-0.93961,0.038913,1.418165,0.23835,0.137033,0.170542,0,0,0,48,7.347441,1.04234,12.49729,8.11865,-0.187691,-0.050659,0,0
88574,7.281592,-3.275488,0.209478,1.420466,0.317623,0.125989,0.155834,0,0,0,48,7.344011,1.04234,12.55152,8.11865,-0.221806,-0.095817,0,0
88596,7.2483,-4.02358,0.075181,1.422,0.133007,0.11736,0.138655,0,0,0,48,7.340166,1.04234,12.57329,8.11865,-0.125183,-0.007824,0,0
88616,7.144101,-1.74877,-0.016267,1.422,0.062181,0.097613,0.123184,0,0,0,48,7.336614,1.04234,12.55939,8.11865,-0.079897,0.017716,0,0
88637,7.193772,-3.596098,-0.126323,1.419699,-0.133397,0.173487,0.13005,0,0,0,48,7.333017,1.04234,12.56055,8.11865,-0.020045,0.153442,0,0
88659,7.111351,-3.244954,-0.137972,1.416631,-0.300869,0.23579,0.160597,0,0,0,48,7.329024,1.04234,12.60047,8.11865,0.03254,0.268329,0,0
88679,6.990506,-0.557931,-0.368455,1.410496,-0.539955,0.275067,0.198041,0,0,0,48,7.325375,1.04234,12.635,8.11865,0.132444,0.407511,0,0
88701,6.846542,2.877184,-0.612217,1.399758,-0.806391,0.37114,0.250756,0,0,0,48,7.321358,1.04234,12.62403,8.11865,0.217625,0.588766,0,0
88721,6.740548,9.65581,-0.746692,1.385952,-0.738467,0.420859,0.309636,0,0,0,48,7.317721,1.04234,12.60005,8.11865,0.158804,0.579663,0,0
88744,6.872232,14.3123,-1.034441,1.362942,-0.622615,0.376172,0.357772,0,0,0,48,7.313773,1.04234,12.60524,8.11865,0.123222,0.499393,0,0
88764,7.154651,12.08329,-0.981603,1.342233,-0.462908,0.112455,0.309628,0,0,0,48,7.310259,1.04234,12.62373,8.11865,0.175227,0.287681,0,0
88786,7.359527,9.625276,-0.877922,1.322291,-0.308018,-0.223471,0.144694,0,0,0,48,7.306507,1.04234,12.60182,8.11865,0.265745,0.042273,0,0
88807,7.517117,5.426802,-0.775567,1.306952,-0.272009,-0.385873,-0.047631,0,0,0,48,7.303217,1.04234,12.53626,8.11865,0.328941,-0.056932,0,0
88828,7.662908,-2.557931,-0.331678,1.299282,-0.240417,-0.323513,-0.17031,0,0,0,48,7.300043,1.04234,12.48744,8.11865,0.281965,-0.041548,0,0
88850,7.565834,-7.458694,-0.03298,1.297748,-0.418827,-0.161255,-0.194921,0,0,0,48,7.29668,1.04234,12.49721,8.11865,0.290041,0.128786,0,0
88871,7.281735,-4.069381,0.023957,1.298515,-0.48678,-0.112848,-0.168499,0,0,0,48,7.293722,1.04234,12.5462,8.11865,0.299814,0.186966,0,0
88891,7.027413,0.587108,-0.191786,1.295447,-0.670722,-0.083526,-0.144063,0,0,0,48,7.290837,1.04234,12.54912,8.11865,0.377124,0.293598,0,0
88911,6.930803,6.068024,-0.28678,1.289311,-0.558392,-0.057685,-0.118222,0,0,0,48,7.288016,1.04234,12.49407,8.11865,0.308039,0.250354,0,0
88931,7.05486,6.724512,-0.433164,1.280107,-0.521507,-0.015967,-0.083832,0,0,0,48,7.285261,1.04234,12.44407,8.11865,0.268737,0.25277,0,0
88952,7.293916,3.533672,-0.378866,1.272437,-0.420682,0.022333,-0.046142,0,0,0,48,7.282579,1.04234,12.4477,8.11865,0.199174,0.221508,0,0
88974,7.459963,-3.061748,-0.042712,1.270136,-0.374815,0.007354,-0.020205,0,0,0,48,7.279706,1.04234,12.47883,8.11865,0.18373,0.191084,0,0
88994,7.346611,-3.15335,0.037803,1.27167,-0.412391,-0.026866,-0.019006,0,0,0,48,7.277157,1.04234,12.46249,8.11865,0.219628,0.192762,0,0
89016,7.182338,0.220695,0.071633,1.273204,-0.332469,-0.067372,-0.035084,0,0,0,48,7.274405,1.04234,12.40171,8.11865,0.19992,0.132548,0,0
89036,7.189833,1.16726,-0.043049,1.272437,-0.32622,-0.059394,-0.045427,0,0,0,48,7.27194,1.04234,12.37677,8.11865,0.192807,0.133413,0,0
89058,7.262716,-0.588465,0.050341,1.273204,-0.257157,-0.029732,-0.042635,0,0,0,48,7.269261,1.04234,12.40624,8.11865,0.143445,0.113713,0,0
89076,7.263225,-0.909076,0.109226,1.274738,-0.198958,-0.050857,-0.041776,0,0,0,48,7.26709,1.04234,12.43216,8.11865,0.124908,0.07405,0,0
89098,7.189529,-0.222053,0.101669,1.277039,-0.197749,-0.073501,-0.049152,0,0,0,48,7.264694,1.04234,12.42442,8.16629,0.135625,0.062124,0,0
89118,7.169974,1.029856,0.039504,1.278573,-0.144514,-0.076149,-0.059129,0,0,0,48,7.262306,1.04234,12.39792,8.16629,0.110332,0.034182,0,0
89140,7.23711,0.266497,0.074607,1.280874,-0.038265,-0.096075,-0.071115,0,0,0,48,7.259684,1.04234,12.39832,8.16629,0.06717,-0.028905,0,0
89160,7.271053,-0.603732,0.25152,1.284709,0.130423,-0.108372,-0.083412,0,0,0,48,7.257298,1.04234,12.42873,8.16629,-0.011026,-0.119397,0,0
89182,7.248886,-1.397625,0.268585,1.289311,0.142295,-0.166862,-0.107093,0,0,0,48,7.254666,1.04234,12.4403,8.16629,0.012284,-0.154578,0,0
89202,7.173478,0.984054,0.149035,1.293146,0.192761,-0.216991,-0.139513,0,0,0,48,7.252258,1.04234,12.41921,8.16629,0.012115,-0.204876,0,0
89224,7.229716,0.190161,0.221871,1.298515,0.343568,-0.272704,-0.184233,0,0,0,48,7.249587,1.04234,12.39934,8.16629,-0.035432,-0.308136,0,0
89244,7.258749,-0.664801,0.284755,1.303884,0.452936,-0.317856,-0.228775,0,0,0,48,7.247132,1.04234,12.41017,8.16629,-0.06754,-0.385396,0,0
89265,7.23923,-2.23732,0.416774,1.310787,0.513501,-0.377968,-0.277894,0,0,0,48,7.244646,1.04234,12.43439,8.16629,-0.067767,-0.445735,0,0
89287,7.163186,-2.283122,0.395927,1.319224,0.498855,-0.406261,-0.328782,0,0,0,48,7.241868,1.04234,12.43237,8.16629,-0.046297,-0.452558,0,0
89307,7.106357,-2.038847,0.385487,1.326893,0.508743,-0.356237,-0.350208,0,0,0,48,7.239296,1.04234,12.41064,8.16629,-0.076253,-0.43249,0,0
89329,7.077013,-1.840373,0.508828,1.336097,0.636895,-0.245812,-0.328333,0,0,0,48,7.236668,1.04234,12.40004,8.16629,-0.195542,-0.441353,0,0
89349,7.091306,-3.15335,0.407766,1.343,0.544419,-0.099085,-0.262217,0,0,0,48,7.233984,1.04234,12.40688,8.16629,-0.222667,-0.321752,0,0
89371,7.09865,-6.283122,0.483761,1.353738,0.448953,0.092714,-0.146754,0,0,0,48,7.230962,1.04234,12.40034,8.16629,-0.270833,-0.17812,0,0
89393,6.999901,-8.909076,0.55827,1.366777,0.224849,0.276635,0.001136,0,0,0,48,7.227858,1.04234,12.36315,8.16629,-0.250742,0.025893,0,0
89413,6.820999,-7.306022,0.650083,1.379816,0.156611,0.379146,0.136014,0,0,0,48,7.224952,1.04234,12.3257,8.16629,-0.267879,0.111268,0,0
89435,6.670771,-2.038847,0.385207,1.38902,0.061786,0.388808,0.240943,0,0,0,48,7.221658,1.04234,12.3084,8.16629,-0.225297,0.163511,0,0
89454,6.665231,2.068024,0.22063,1.392855,0.138165,0.338998,0.283957,0,0,0,48,7.218883,1.04234,12.30674,8.16629,-0.238581,0.100417,0,0
89474,6.800833,2.968787,0.008152,1.392855,0.156921,0.288015,0.2916,0,0,0,48,7.215727,1.04234,12.30397,8.16629,-0.222468,0.065547,0,0
89495,6.996753,0.205428,-0.018984,1.392088,0.166003,0.275598,0.284069,0,0,0,48,7.21251,1.04234,12.29777,8.16629,-0.2208,0.054797,0,0
89517,7.087617,-2.496862,0.117966,1.394389,0.196874,0.260068,0.276478,0,0,0,48,7.208908,1.04234,12.29416,8.16629,-0.228471,0.031597,0,0
89537,7.106256,-2.970144,0.083991,1.395923,0.161741,0.254031,0.26983,0,0,0,48,7.205588,1.04234,12.29628,8.16629,-0.207886,0.046145,0,0
89557,7.051187,-2.084648,0.023323,1.39669,0.095683,0.253887,0.264801,0,0,0,48,7.202229,1.04234,12.29917,8.16629,-0.174785,0.079102,0,0
89578,6.992267,-1.168618,0.012683,1.395923,0.040934,0.281867,0.266521,0,0,0,48,7.198836,1.04234,12.29911,8.16629,-0.1614,0.120466,0,0
89599,7.00468,-2.527396,-0.104726,1.392855,-0.177781,0.29522,0.2756,0,0,0,48,7.195418,1.04234,12.30626,8.16629,-0.05872,0.236501,0,0
89619,6.904995,-1.351824,-0.285328,1.38902,-0.416533,0.333001,0.290785,0,0,0,48,7.191986,1.04234,12.32254,8.16629,0.041766,0.374767,0,0
89638,6.809836,0.907718,-0.152299,1.385952,-0.371897,0.344671,0.304287,0,0,0,48,7.188891,1.04234,12.33663,8.16629,0.013613,0.358284,0,0
89660,6.722722,3.686344,-0.374955,1.376748,-0.577296,0.346808,0.32047,0,0,0,48,7.185114,1.04234,12.34749,8.16629,0.115244,0.462052,0,0
89680,6.724662,6.220695,-0.510988,1.366777,-0.612096,0.340039,0.330189,0,0,0,48,7.181699,1.04234,12.35369,8.16629,0.136029,0.476067,0,0
89701,6.811827,7.442069,-0.569721,1.354505,-0.576185,0.235301,0.309115,0,0,0,48,7.178319,1.04234,12.377,8.16629,0.170442,0.405743,0,0
89723,6.898833,6.785581,-0.552323,1.342233,-0.561593,0.039618,0.230074,0,0,0,48,7.174658,1.04234,12.39838,8.16629,0.260987,0.300606,0,0
89743,6.967712,8.785581,-0.524961,1.331495,-0.357719,-0.168037,0.110968,0,0,0,48,7.171393,1.04234,12.40145,8.16629,0.262878,0.094841,0,0
89763,7.100291,8.037489,-0.518738,1.320758,-0.228197,-0.315204,-0.031924,0,0,0,48,7.168199,1.04234,12.40394,8.16629,0.271701,-0.043504,0,0
89785,7.297032,4.205428,-0.409971,1.310787,-0.123076,-0.368077,-0.164796,0,0,0,48,7.164772,1.04234,12.40794,8.16629,0.245576,-0.1225,0,0
89805,7.452478,-3.519763,-0.101448,1.308486,-0.146207,-0.288007,-0.224574,0,0,0,48,7.161737,1.04234,12.4187,8.16629,0.217107,-0.0709,0,0
89827,7.305332,-4.512129,0.15376,1.311554,-0.130772,-0.210407,-0.230027,0,0,0,48,7.158474,1.04234,12.44194,8.16629,0.170589,-0.039818,0,0
89847,7.101999,-0.481595,0.046121,1.313088,-0.136335,-0.227772,-0.223576,0,0,0,48,7.15556,1.04234,12.46521,8.16629,0.182054,-0.045719,0,0
89868,7.036039,1.151993,-0.024352,1.312321,-0.128741,-0.228311,-0.224115,0,0,0,48,7.152684,1.04234,12.46858,8.16629,0.178526,-0.049785,0,0
89888,7.067176,0.678711,-0.006101,1.311554,-0.088659,-0.220608,-0.222519,0,0,0,48,7.14984,1.04234,12.4519,8.16629,0.154634,-0.065975,0,0
89910,7.076752,0.449703,0.055752,1.312321,-0.018634,-0.223894,-0.221529,0,0,0,48,7.146744,1.04234,12.44848,8.16629,0.121264,-0.10263,0,0
89930,7.074617,0.434436,0.119222,1.313855,0.065452,-0.229503,-0.225917,0,0,0,48,7.14395,1.04234,12.46868,8.16629,0.082026,-0.147477,0,0
89950,7.080371,0.281764,0.080446,1.315389,0.089292,-0.25786,-0.233511,0,0,0,48,7.141171,1.04234,12.48393,8.16629,0.084284,-0.173576,0,0
89973,7.114855,0.84665,0.023287,1.316923,0.183525,-0.258762,-0.243574,0,0,0,48,7.138123,1.04234,12.47565,8.16629,0.037619,-0.221143,0,0
89995,7.166526,-0.649534,0.266079,1.322291,0.406649,-0.268888,-0.253088,0,0,0,48,7.135078,1.04234,12.46257,8.16629,-0.068881,-0.337768,0,0
90015,7.165795,-1.367091,0.32193,1.326893,0.480505,-0.27752,-0.262942,0,0,0,48,7.132304,1.04234,12.4656,8.16629,-0.101493,-0.379013,0,0
90035,7.140099,-2.13045,0.234874,1.331495,0.428344,-0.252443,-0.263514,0,0,0,48,7.129517,1.04234,12.4721,8.16629,-0.087951,-0.340393,0,0
90053,7.110775,-1.382358,0.37564,1.337631,0.614837,-0.203919,-0.249799,0,0,0,48,7.12699,1.04234,12.46675,8.16629,-0.205459,-0.409378,0,0
90076,7.113081,-2.878541,0.249207,1.343767,0.516413,-0.096439,-0.208273,0,0,0,48,7.123871,1.04234,12.44442,8.16629,-0.209987,-0.306426,0,0
90097,7.112552,-6.496862,0.543958,1.353738,0.559583,0.043953,-0.132614,0,0,0,48,7.120996,1.04234,12.42674,8.16629,-0.301768,-0.257815,0,0
90117,7.017827,-9.535029,0.613023,1.364476,0.334166,0.217184,-0.02717,0,0,0,48,7.118079,1.04234,12.41574,8.16629,-0.275675,-0.058491,0,0
90139,6.791717,-8.069381,0.545371,1.376748,0.092107,0.374296,0.114065,0,0,0,48,7.114803,1.04234,12.40692,8.16629,-0.233201,0.141095,0,0
90157,6.623295,-3.489228,0.435606,1.385185,0.057979,0.409263,0.215596,0,0,0,48,7.112063,1.04234,12.40303,8.16629,-0.233621,0.175642,0,0
90179,6.537833,2.174894,0.072261,1.388253,-0.016406,0.358404,0.280768,0,0,0,48,7.10895,1.04234,12.40531,8.16629,-0.170999,0.187405,0,0
90199,6.679258,3.487871,-0.077168,1.387486,0.06005,0.298322,0.295801,0,0,0,48,7.105771,1.04234,12.41294,8.16629,-0.179186,0.119136,0,0
90219,6.868983,-0.374725,-0.010218,1.386719,0.041632,0.276774,0.29013,0,0,0,48,7.102543,1.04234,12.41924,8.16629,-0.159203,0.117571,0,0
90242,6.925514,-1.306022,-0.000253,1.386719,0.023457,0.279137,0.284554,0,0,0,48,7.098948,1.04234,12.42585,8.16629,-0.151297,0.12784,0,0
90262,6.920549,-1.733503,0.059609,1.387486,0.014737,0.293071,0.283222,0,0,0,48,7.095645,1.04234,12.43388,8.16629,-0.153904,0.139167,0,0
